subject	session	artifact	rows	source	exported_file	sha256
sub-001	ses-1	node strength	78	/mnt/nfs/home/URMC-SH/pndagiji/Documents/TrackTBI-Sub/dwi_pipeline/results/node_strength/strength/per_subject/sub-001_strength.csv	node_metrics/sub-001/ses-1/sub-001_ses-1_atlas-DKT78_measure-strength_nodes.csv	5b1b81efb368e1c41491595c67da62e514de9c884529300ce68bcff800ac8c72
sub-001	ses-1	node strengthAI	39	/mnt/nfs/home/URMC-SH/pndagiji/Documents/TrackTBI-Sub/dwi_pipeline/results/node_strength/strength/per_subject/sub-001_ai.csv	node_metrics/sub-001/ses-1/sub-001_ses-1_atlas-DKT78_measure-strengthAI_nodes.csv	fd3e1310524001013c75d471a2095433ba4b8a3a0a3aab5871b8f28089325d53
sub-001	ses-1	node volume	78	/mnt/nfs/home/URMC-SH/pndagiji/Documents/TrackTBI-Sub/dwi_pipeline/results/node_strength/volume/per_subject/sub-001_volume.csv	node_metrics/sub-001/ses-1/sub-001_ses-1_atlas-DKT78_measure-volume_nodes.csv	d3f23f641e5da127a6d125da7253e1ef3dc4f31539e97ba8d7157492b3918c70
sub-001	ses-1	node volumeAI	39	/mnt/nfs/home/URMC-SH/pndagiji/Documents/TrackTBI-Sub/dwi_pipeline/results/node_strength/volume/per_subject/sub-001_volume_ai.csv	node_metrics/sub-001/ses-1/sub-001_ses-1_atlas-DKT78_measure-volumeAI_nodes.csv	24f89774f4f1efbd57f923f4cb7af7618ed93330bac66acf24933f53f06941ba
sub-001	ses-1	DWI ImageQC	1	/mnt/nfs/home/URMC-SH/pndagiji/Documents/TrackTBI-Sub/dwi_pipeline/results/qsiprep_single_run_output/sub-001/ses-1/dwi/sub-001_ses-1_acq-64dirax_dir-ap_desc-ImageQC_dwi.csv	qc/sub-001/ses-1/dwi/sub-001_ses-1_desc-ImageQC_dwi.csv	f22991975ac1a6c5b4d2df4a01cbb831b8986d1d22950fca03d6535da59f0fd1
sub-002	ses-3	node strength	78	/mnt/nfs/home/URMC-SH/pndagiji/Documents/TrackTBI-Sub/dwi_pipeline/results/node_strength/strength/per_subject/sub-002_strength.csv	node_metrics/sub-002/ses-3/sub-002_ses-3_atlas-DKT78_measure-strength_nodes.csv	8a441cfe984f9299c562bfe0611e31836efdae02562e675ff114ec382da61a77
sub-002	ses-3	node strengthAI	39	/mnt/nfs/home/URMC-SH/pndagiji/Documents/TrackTBI-Sub/dwi_pipeline/results/node_strength/strength/per_subject/sub-002_ai.csv	node_metrics/sub-002/ses-3/sub-002_ses-3_atlas-DKT78_measure-strengthAI_nodes.csv	34170d0be73474d122962542fd4720750c968953b0fed459f3651efb1f1f9ffb
sub-002	ses-3	node volume	78	/mnt/nfs/home/URMC-SH/pndagiji/Documents/TrackTBI-Sub/dwi_pipeline/results/node_strength/volume/per_subject/sub-002_volume.csv	node_metrics/sub-002/ses-3/sub-002_ses-3_atlas-DKT78_measure-volume_nodes.csv	2f9aeca9477530ec691e94d5e8a40e554b8e14703a60883e63785470bbc1e694
sub-002	ses-3	node volumeAI	39	/mnt/nfs/home/URMC-SH/pndagiji/Documents/TrackTBI-Sub/dwi_pipeline/results/node_strength/volume/per_subject/sub-002_volume_ai.csv	node_metrics/sub-002/ses-3/sub-002_ses-3_atlas-DKT78_measure-volumeAI_nodes.csv	d32586d82ccaf62976bbb68afac61f5b25cfab75558d31d920f6562742b7b1b5
sub-002	ses-3	DWI ImageQC	1	/mnt/nfs/home/URMC-SH/pndagiji/Documents/TrackTBI-Sub/dwi_pipeline/results/qsiprep_single_run_output/sub-002/ses-3/dwi/sub-002_ses-3_acq-50dirax_desc-ImageQC_dwi.csv	qc/sub-002/ses-3/dwi/sub-002_ses-3_desc-ImageQC_dwi.csv	ca423fd18af75c3800854a1cfe64e374ddf0887eb7f08220686897e1e63cf95d
sub-003	ses-1	node strength	78	/mnt/nfs/home/URMC-SH/pndagiji/Documents/TrackTBI-Sub/dwi_pipeline/results/node_strength/strength/per_subject/sub-003_strength.csv	node_metrics/sub-003/ses-1/sub-003_ses-1_atlas-DKT78_measure-strength_nodes.csv	fb5c65fd9bbb7e7cd7ad19eb0a83f388657e74f1a5e1550842a27cfdc9b23bad
sub-003	ses-1	node strengthAI	39	/mnt/nfs/home/URMC-SH/pndagiji/Documents/TrackTBI-Sub/dwi_pipeline/results/node_strength/strength/per_subject/sub-003_ai.csv	node_metrics/sub-003/ses-1/sub-003_ses-1_atlas-DKT78_measure-strengthAI_nodes.csv	db97c4c2271f03345c23aeec2945ef520a88458cd35c60442c5f0b98675c481d
sub-003	ses-1	node volume	78	/mnt/nfs/home/URMC-SH/pndagiji/Documents/TrackTBI-Sub/dwi_pipeline/results/node_strength/volume/per_subject/sub-003_volume.csv	node_metrics/sub-003/ses-1/sub-003_ses-1_atlas-DKT78_measure-volume_nodes.csv	c7f25ec21a149c4fa06082aad7c864b1f7632bc8b1f14d17d62724f1cac6b997
sub-003	ses-1	node volumeAI	39	/mnt/nfs/home/URMC-SH/pndagiji/Documents/TrackTBI-Sub/dwi_pipeline/results/node_strength/volume/per_subject/sub-003_volume_ai.csv	node_metrics/sub-003/ses-1/sub-003_ses-1_atlas-DKT78_measure-volumeAI_nodes.csv	82ae85f9ebc8bcb39c4182c34c0a32ec8dfbfa6d42de0f4db85563c96b89aea7
sub-003	ses-1	DWI ImageQC	1	/mnt/nfs/home/URMC-SH/pndagiji/Documents/TrackTBI-Sub/dwi_pipeline/results/qsiprep_single_run_output/sub-003/ses-1/dwi/sub-003_ses-1_acq-64dirax_dir-ap_desc-ImageQC_dwi.csv	qc/sub-003/ses-1/dwi/sub-003_ses-1_desc-ImageQC_dwi.csv	4799ea08640fe9eb1b71722b760c8d1a251451e973d365f5694706273c5bd945
sub-004	ses-1	node strength	78	/mnt/nfs/home/URMC-SH/pndagiji/Documents/TrackTBI-Sub/dwi_pipeline/results/node_strength/strength/per_subject/sub-004_strength.csv	node_metrics/sub-004/ses-1/sub-004_ses-1_atlas-DKT78_measure-strength_nodes.csv	80ff5f057efc8f5a2cb69eef4c900a690a9c256a9044ac2a663e76219fa559a4
sub-004	ses-1	node strengthAI	39	/mnt/nfs/home/URMC-SH/pndagiji/Documents/TrackTBI-Sub/dwi_pipeline/results/node_strength/strength/per_subject/sub-004_ai.csv	node_metrics/sub-004/ses-1/sub-004_ses-1_atlas-DKT78_measure-strengthAI_nodes.csv	78e334bd265ed49c759252813f5b4fc9f13b702a0b6107ba14756e6669bdf7e8
sub-004	ses-1	node volume	78	/mnt/nfs/home/URMC-SH/pndagiji/Documents/TrackTBI-Sub/dwi_pipeline/results/node_strength/volume/per_subject/sub-004_volume.csv	node_metrics/sub-004/ses-1/sub-004_ses-1_atlas-DKT78_measure-volume_nodes.csv	44207600ca5950b855ee89f2e4b45dfb2c48884661f66aa5b3878d4b8fc08adc
sub-004	ses-1	node volumeAI	39	/mnt/nfs/home/URMC-SH/pndagiji/Documents/TrackTBI-Sub/dwi_pipeline/results/node_strength/volume/per_subject/sub-004_volume_ai.csv	node_metrics/sub-004/ses-1/sub-004_ses-1_atlas-DKT78_measure-volumeAI_nodes.csv	32fe02576863aec76b71f94dc4cdc48d83a57beb1b8cfd80a105576e485dd46b
sub-004	ses-1	DWI ImageQC	1	/mnt/nfs/home/URMC-SH/pndagiji/Documents/TrackTBI-Sub/dwi_pipeline/results/qsiprep_single_run_output/sub-004/ses-1/dwi/sub-004_ses-1_acq-64dirax_dir-ap_desc-ImageQC_dwi.csv	qc/sub-004/ses-1/dwi/sub-004_ses-1_desc-ImageQC_dwi.csv	b18d03fc5bcf1217e4940213f85dc022a1f91e0a1dd4b1efc1d89c6de24f2779
sub-005	ses-1	node strength	78	/mnt/nfs/home/URMC-SH/pndagiji/Documents/TrackTBI-Sub/dwi_pipeline/results/node_strength/strength/per_subject/sub-005_strength.csv	node_metrics/sub-005/ses-1/sub-005_ses-1_atlas-DKT78_measure-strength_nodes.csv	76ad4ad9ae4ba6610c8bd3c43cc6f5927834bbc60808da8fb2106a2c8a8f1451
sub-005	ses-1	node strengthAI	39	/mnt/nfs/home/URMC-SH/pndagiji/Documents/TrackTBI-Sub/dwi_pipeline/results/node_strength/strength/per_subject/sub-005_ai.csv	node_metrics/sub-005/ses-1/sub-005_ses-1_atlas-DKT78_measure-strengthAI_nodes.csv	2041193f33589b9754f3dc37c0b498818532c5509b8a9271c470f62d43fb5a98
sub-005	ses-1	node volume	78	/mnt/nfs/home/URMC-SH/pndagiji/Documents/TrackTBI-Sub/dwi_pipeline/results/node_strength/volume/per_subject/sub-005_volume.csv	node_metrics/sub-005/ses-1/sub-005_ses-1_atlas-DKT78_measure-volume_nodes.csv	152a4c4955bd3db7224337198269f39ad8df2135ecd5fd2d50e8c7a68861de68
sub-005	ses-1	node volumeAI	39	/mnt/nfs/home/URMC-SH/pndagiji/Documents/TrackTBI-Sub/dwi_pipeline/results/node_strength/volume/per_subject/sub-005_volume_ai.csv	node_metrics/sub-005/ses-1/sub-005_ses-1_atlas-DKT78_measure-volumeAI_nodes.csv	c7ecff0e928a1a43914b97b608ed355427723c4d821df0baa06b033b9fc7f387
sub-005	ses-1	DWI ImageQC	1	/mnt/nfs/home/URMC-SH/pndagiji/Documents/TrackTBI-Sub/dwi_pipeline/results/qsiprep_single_run_output/sub-005/ses-1/dwi/sub-005_ses-1_acq-64dirax_dir-ap_desc-ImageQC_dwi.csv	qc/sub-005/ses-1/dwi/sub-005_ses-1_desc-ImageQC_dwi.csv	b377d5b444c68cb8f8fb3a6f098407dde10aa5dd811db13710e7de836ee7c871
sub-006	ses-1	node strength	78	/mnt/nfs/home/URMC-SH/pndagiji/Documents/TrackTBI-Sub/dwi_pipeline/results/node_strength/strength/per_subject/sub-006_strength.csv	node_metrics/sub-006/ses-1/sub-006_ses-1_atlas-DKT78_measure-strength_nodes.csv	191c543de93419275914ff3b9d69a320f86fa3483ec015d77a80f1ec1907043d
sub-006	ses-1	node strengthAI	39	/mnt/nfs/home/URMC-SH/pndagiji/Documents/TrackTBI-Sub/dwi_pipeline/results/node_strength/strength/per_subject/sub-006_ai.csv	node_metrics/sub-006/ses-1/sub-006_ses-1_atlas-DKT78_measure-strengthAI_nodes.csv	e97ad45e8cc397f7666a000d58f1bd25fbd26d363fc80fcf38cc3879a4790ce7
sub-006	ses-1	node volume	78	/mnt/nfs/home/URMC-SH/pndagiji/Documents/TrackTBI-Sub/dwi_pipeline/results/node_strength/volume/per_subject/sub-006_volume.csv	node_metrics/sub-006/ses-1/sub-006_ses-1_atlas-DKT78_measure-volume_nodes.csv	c74a535dde74033825b23dfaf4167b6fcdeb9b9ed1d6981809b8c719a48194ac
sub-006	ses-1	node volumeAI	39	/mnt/nfs/home/URMC-SH/pndagiji/Documents/TrackTBI-Sub/dwi_pipeline/results/node_strength/volume/per_subject/sub-006_volume_ai.csv	node_metrics/sub-006/ses-1/sub-006_ses-1_atlas-DKT78_measure-volumeAI_nodes.csv	3b1d8c53b59f0bc63c1864f4f74d17bb02122ee7c53a5e2769e38c7eb189e247
sub-006	ses-1	DWI ImageQC	1	/mnt/nfs/home/URMC-SH/pndagiji/Documents/TrackTBI-Sub/dwi_pipeline/results/qsiprep_single_run_output/sub-006/ses-1/dwi/sub-006_ses-1_acq-64dirax_dir-ap_desc-ImageQC_dwi.csv	qc/sub-006/ses-1/dwi/sub-006_ses-1_desc-ImageQC_dwi.csv	8ac37d9abb7b9294edb0f32457c5d343b7344f4cbc43165faa50089b21d825c2
sub-007	ses-1	node strength	78	/mnt/nfs/home/URMC-SH/pndagiji/Documents/TrackTBI-Sub/dwi_pipeline/results/node_strength/strength/per_subject/sub-007_strength.csv	node_metrics/sub-007/ses-1/sub-007_ses-1_atlas-DKT78_measure-strength_nodes.csv	1913bb0afe2c95f269c8b5368cd72493aad3f9efa7685160f1da1e89043b486b
sub-007	ses-1	node strengthAI	39	/mnt/nfs/home/URMC-SH/pndagiji/Documents/TrackTBI-Sub/dwi_pipeline/results/node_strength/strength/per_subject/sub-007_ai.csv	node_metrics/sub-007/ses-1/sub-007_ses-1_atlas-DKT78_measure-strengthAI_nodes.csv	3c36873dbdd349ff7df5eabad2f7304bb8a3cf66f890801357c72c7711e7f73d
sub-007	ses-1	node volume	78	/mnt/nfs/home/URMC-SH/pndagiji/Documents/TrackTBI-Sub/dwi_pipeline/results/node_strength/volume/per_subject/sub-007_volume.csv	node_metrics/sub-007/ses-1/sub-007_ses-1_atlas-DKT78_measure-volume_nodes.csv	21e8edf6031ccd44223a6d25ce128fddbdd3de9c90fe1d79f218e7005cad6789
sub-007	ses-1	node volumeAI	39	/mnt/nfs/home/URMC-SH/pndagiji/Documents/TrackTBI-Sub/dwi_pipeline/results/node_strength/volume/per_subject/sub-007_volume_ai.csv	node_metrics/sub-007/ses-1/sub-007_ses-1_atlas-DKT78_measure-volumeAI_nodes.csv	e17d5e17268a406c7249851a9bbc01da969a28107cda02a0863acbe77853ed83
sub-007	ses-1	DWI ImageQC	1	/mnt/nfs/home/URMC-SH/pndagiji/Documents/TrackTBI-Sub/dwi_pipeline/results/qsiprep_single_run_output/sub-007/ses-1/dwi/sub-007_ses-1_acq-64dirax_dir-ap_desc-ImageQC_dwi.csv	qc/sub-007/ses-1/dwi/sub-007_ses-1_desc-ImageQC_dwi.csv	595b311852f007c2235d399b8eb767fbd7defe7ba7378b40aaf8bf9fa89d9335
sub-008	ses-1	node strength	78	/mnt/nfs/home/URMC-SH/pndagiji/Documents/TrackTBI-Sub/dwi_pipeline/results/node_strength/strength/per_subject/sub-008_strength.csv	node_metrics/sub-008/ses-1/sub-008_ses-1_atlas-DKT78_measure-strength_nodes.csv	3d5c86ae602f72946a44a27d7cf57ae34812b85b04964426b103ba64d9a90f7a
sub-008	ses-1	node strengthAI	39	/mnt/nfs/home/URMC-SH/pndagiji/Documents/TrackTBI-Sub/dwi_pipeline/results/node_strength/strength/per_subject/sub-008_ai.csv	node_metrics/sub-008/ses-1/sub-008_ses-1_atlas-DKT78_measure-strengthAI_nodes.csv	47f116d74f7d12f645941283cfb2d1327c568495c9949151bd49fb106308d372
sub-008	ses-1	node volume	78	/mnt/nfs/home/URMC-SH/pndagiji/Documents/TrackTBI-Sub/dwi_pipeline/results/node_strength/volume/per_subject/sub-008_volume.csv	node_metrics/sub-008/ses-1/sub-008_ses-1_atlas-DKT78_measure-volume_nodes.csv	dab0e9415ede0f1ea91d1c935037c6526bb006cdde0953ccc5a6fe6ea9354dd9
sub-008	ses-1	node volumeAI	39	/mnt/nfs/home/URMC-SH/pndagiji/Documents/TrackTBI-Sub/dwi_pipeline/results/node_strength/volume/per_subject/sub-008_volume_ai.csv	node_metrics/sub-008/ses-1/sub-008_ses-1_atlas-DKT78_measure-volumeAI_nodes.csv	ec15fa23072e73aa56ffe24a1c73b5c15c019bbfc80098fe4c0858e5220e4b4f
sub-008	ses-1	DWI ImageQC	1	/mnt/nfs/home/URMC-SH/pndagiji/Documents/TrackTBI-Sub/dwi_pipeline/results/qsiprep_single_run_output/sub-008/ses-1/dwi/sub-008_ses-1_acq-50dirax_desc-ImageQC_dwi.csv	qc/sub-008/ses-1/dwi/sub-008_ses-1_desc-ImageQC_dwi.csv	105b7e610c093e202fd69d88b52781593445986e93afcb1aa458a8ef16d1e207
sub-010	ses-1	node strength	78	/mnt/nfs/home/URMC-SH/pndagiji/Documents/TrackTBI-Sub/dwi_pipeline/results/node_strength/strength/per_subject/sub-010_strength.csv	node_metrics/sub-010/ses-1/sub-010_ses-1_atlas-DKT78_measure-strength_nodes.csv	509b167cff25c953789567cc705703396f153daaefe3ba322337c945791449da
sub-010	ses-1	node strengthAI	39	/mnt/nfs/home/URMC-SH/pndagiji/Documents/TrackTBI-Sub/dwi_pipeline/results/node_strength/strength/per_subject/sub-010_ai.csv	node_metrics/sub-010/ses-1/sub-010_ses-1_atlas-DKT78_measure-strengthAI_nodes.csv	63667fe601065631777f8a5d64922acbf97dd13894212956e06c4c555810a1f2
sub-010	ses-1	node volume	78	/mnt/nfs/home/URMC-SH/pndagiji/Documents/TrackTBI-Sub/dwi_pipeline/results/node_strength/volume/per_subject/sub-010_volume.csv	node_metrics/sub-010/ses-1/sub-010_ses-1_atlas-DKT78_measure-volume_nodes.csv	8cd553b354a3b76c4d7c90cf35193183e2eca1d3975d74b57e9cfba94f5d4d48
sub-010	ses-1	node volumeAI	39	/mnt/nfs/home/URMC-SH/pndagiji/Documents/TrackTBI-Sub/dwi_pipeline/results/node_strength/volume/per_subject/sub-010_volume_ai.csv	node_metrics/sub-010/ses-1/sub-010_ses-1_atlas-DKT78_measure-volumeAI_nodes.csv	9199c83c724aed3d19d14d4bd0bf8f3932df76d8db8fa1430dbfd649e621327e
sub-010	ses-1	DWI ImageQC	1	/mnt/nfs/home/URMC-SH/pndagiji/Documents/TrackTBI-Sub/dwi_pipeline/results/qsiprep_single_run_output/sub-010/ses-1/dwi/sub-010_ses-1_acq-50dirax_desc-ImageQC_dwi.csv	qc/sub-010/ses-1/dwi/sub-010_ses-1_desc-ImageQC_dwi.csv	b0888ad05059666df52343e07a517a4b3ee2b21612e913ce97e76bc50e1b8019
sub-011	ses-1	node strength	78	/mnt/nfs/home/URMC-SH/pndagiji/Documents/TrackTBI-Sub/dwi_pipeline/results/node_strength/strength/per_subject/sub-011_strength.csv	node_metrics/sub-011/ses-1/sub-011_ses-1_atlas-DKT78_measure-strength_nodes.csv	eb38f8a629642b219a6f58b54a7b6f8e04e625926003bda33d6721c5335560c9
sub-011	ses-1	node strengthAI	39	/mnt/nfs/home/URMC-SH/pndagiji/Documents/TrackTBI-Sub/dwi_pipeline/results/node_strength/strength/per_subject/sub-011_ai.csv	node_metrics/sub-011/ses-1/sub-011_ses-1_atlas-DKT78_measure-strengthAI_nodes.csv	932e6d2f78fc3b5dbce01be53ea0aa451212d6d29480122559e8226359e404eb
sub-011	ses-1	node volume	78	/mnt/nfs/home/URMC-SH/pndagiji/Documents/TrackTBI-Sub/dwi_pipeline/results/node_strength/volume/per_subject/sub-011_volume.csv	node_metrics/sub-011/ses-1/sub-011_ses-1_atlas-DKT78_measure-volume_nodes.csv	72ea665fbb3a7f5e32b0eb5e63382e0976738276f3c87995321d9647795e261c
sub-011	ses-1	node volumeAI	39	/mnt/nfs/home/URMC-SH/pndagiji/Documents/TrackTBI-Sub/dwi_pipeline/results/node_strength/volume/per_subject/sub-011_volume_ai.csv	node_metrics/sub-011/ses-1/sub-011_ses-1_atlas-DKT78_measure-volumeAI_nodes.csv	cb6fb04f16643d839a8d8ced27298b1913acb49dd5600b6d6b2245ee8198d4ef
sub-011	ses-1	DWI ImageQC	1	/mnt/nfs/home/URMC-SH/pndagiji/Documents/TrackTBI-Sub/dwi_pipeline/results/qsiprep_single_run_output/sub-011/ses-1/dwi/sub-011_ses-1_acq-50dirax_desc-ImageQC_dwi.csv	qc/sub-011/ses-1/dwi/sub-011_ses-1_desc-ImageQC_dwi.csv	3f583f06b997110e500290f74ac83fdbe5017589652b3811813b3991eb0b7e44
sub-012	ses-1	node strength	78	/mnt/nfs/home/URMC-SH/pndagiji/Documents/TrackTBI-Sub/dwi_pipeline/results/node_strength/strength/per_subject/sub-012_strength.csv	node_metrics/sub-012/ses-1/sub-012_ses-1_atlas-DKT78_measure-strength_nodes.csv	9fa880959b77a9fbd59be571f876a597307302cc9bfbc4a233931307ad75d5c7
sub-012	ses-1	node strengthAI	39	/mnt/nfs/home/URMC-SH/pndagiji/Documents/TrackTBI-Sub/dwi_pipeline/results/node_strength/strength/per_subject/sub-012_ai.csv	node_metrics/sub-012/ses-1/sub-012_ses-1_atlas-DKT78_measure-strengthAI_nodes.csv	b18e7ee674edd68a7c7084750c65f7979cf992a50dc3353d680499386954394a
sub-012	ses-1	node volume	78	/mnt/nfs/home/URMC-SH/pndagiji/Documents/TrackTBI-Sub/dwi_pipeline/results/node_strength/volume/per_subject/sub-012_volume.csv	node_metrics/sub-012/ses-1/sub-012_ses-1_atlas-DKT78_measure-volume_nodes.csv	72dcf0eb5bb404eda3aab285eab8920b291ad128ce9f37ad000c52fb64cb92d7
sub-012	ses-1	node volumeAI	39	/mnt/nfs/home/URMC-SH/pndagiji/Documents/TrackTBI-Sub/dwi_pipeline/results/node_strength/volume/per_subject/sub-012_volume_ai.csv	node_metrics/sub-012/ses-1/sub-012_ses-1_atlas-DKT78_measure-volumeAI_nodes.csv	1a49ad1f363330c2eaffdd0fdb34878a160b509e6d09061c8938944e12f8740e
sub-012	ses-1	DWI ImageQC	1	/mnt/nfs/home/URMC-SH/pndagiji/Documents/TrackTBI-Sub/dwi_pipeline/results/qsiprep_single_run_output/sub-012/ses-1/dwi/sub-012_ses-1_acq-50dirax_desc-ImageQC_dwi.csv	qc/sub-012/ses-1/dwi/sub-012_ses-1_desc-ImageQC_dwi.csv	809a1e842d19eb4b74bb61d39660399420053e1323db8c0d3fa8b651738dc219
sub-013	ses-1	node strength	78	/mnt/nfs/home/URMC-SH/pndagiji/Documents/TrackTBI-Sub/dwi_pipeline/results/node_strength/strength/per_subject/sub-013_strength.csv	node_metrics/sub-013/ses-1/sub-013_ses-1_atlas-DKT78_measure-strength_nodes.csv	0e8291123b363c66d4fced888743f0c05f86c66e518bc03e87c0e7dd5f27a322
sub-013	ses-1	node strengthAI	39	/mnt/nfs/home/URMC-SH/pndagiji/Documents/TrackTBI-Sub/dwi_pipeline/results/node_strength/strength/per_subject/sub-013_ai.csv	node_metrics/sub-013/ses-1/sub-013_ses-1_atlas-DKT78_measure-strengthAI_nodes.csv	0212ba2ae75c2f0a6f0c4ab39635b7e966057b6226d9c218df5622d4b2afeea1
sub-013	ses-1	node volume	78	/mnt/nfs/home/URMC-SH/pndagiji/Documents/TrackTBI-Sub/dwi_pipeline/results/node_strength/volume/per_subject/sub-013_volume.csv	node_metrics/sub-013/ses-1/sub-013_ses-1_atlas-DKT78_measure-volume_nodes.csv	e16374688668838392d844a6cdcdf04c5c25e32287919ec502ddf64b87a6fd1b
sub-013	ses-1	node volumeAI	39	/mnt/nfs/home/URMC-SH/pndagiji/Documents/TrackTBI-Sub/dwi_pipeline/results/node_strength/volume/per_subject/sub-013_volume_ai.csv	node_metrics/sub-013/ses-1/sub-013_ses-1_atlas-DKT78_measure-volumeAI_nodes.csv	6b3c08a2a495eee8f7068c6bb1b670f3287972fbe496ee58bbbb938a8eb3e09d
sub-013	ses-1	DWI ImageQC	1	/mnt/nfs/home/URMC-SH/pndagiji/Documents/TrackTBI-Sub/dwi_pipeline/results/qsiprep_single_run_output/sub-013/ses-1/dwi/sub-013_ses-1_acq-50dirax_desc-ImageQC_dwi.csv	qc/sub-013/ses-1/dwi/sub-013_ses-1_desc-ImageQC_dwi.csv	35dc9519bce36307d8c1f6d9a6ea0839632c3d2afdb9427a9ed6c2964a0dea30
sub-014	ses-1	node strength	78	/mnt/nfs/home/URMC-SH/pndagiji/Documents/TrackTBI-Sub/dwi_pipeline/results/node_strength/strength/per_subject/sub-014_strength.csv	node_metrics/sub-014/ses-1/sub-014_ses-1_atlas-DKT78_measure-strength_nodes.csv	4adcdab3690a8dd9a2ecf62424897014fb33d688c54f689a46e0f81e6874c3bb
sub-014	ses-1	node strengthAI	39	/mnt/nfs/home/URMC-SH/pndagiji/Documents/TrackTBI-Sub/dwi_pipeline/results/node_strength/strength/per_subject/sub-014_ai.csv	node_metrics/sub-014/ses-1/sub-014_ses-1_atlas-DKT78_measure-strengthAI_nodes.csv	317d4ad8bcba0ffa7517acfe746ea1702353dffa3a7d7ab59c1dbc3b8472d375
sub-014	ses-1	node volume	78	/mnt/nfs/home/URMC-SH/pndagiji/Documents/TrackTBI-Sub/dwi_pipeline/results/node_strength/volume/per_subject/sub-014_volume.csv	node_metrics/sub-014/ses-1/sub-014_ses-1_atlas-DKT78_measure-volume_nodes.csv	37a51f71131488dc5c1f595e9878923ca95e294d4e1c50cd7dc3ce2153a89497
sub-014	ses-1	node volumeAI	39	/mnt/nfs/home/URMC-SH/pndagiji/Documents/TrackTBI-Sub/dwi_pipeline/results/node_strength/volume/per_subject/sub-014_volume_ai.csv	node_metrics/sub-014/ses-1/sub-014_ses-1_atlas-DKT78_measure-volumeAI_nodes.csv	02ef3b4b52b253e5eb98cf93c2a5306753c70e43b30ed2318957b2066258f3a4
sub-014	ses-1	DWI ImageQC	1	/mnt/nfs/home/URMC-SH/pndagiji/Documents/TrackTBI-Sub/dwi_pipeline/results/qsiprep_single_run_output/sub-014/ses-1/dwi/sub-014_ses-1_acq-64dirax_dir-ap_desc-ImageQC_dwi.csv	qc/sub-014/ses-1/dwi/sub-014_ses-1_desc-ImageQC_dwi.csv	c61a6e636be1fd8cf5453f25dec0948f42a0f639d6c213ea2aa38be5f2afa5d0
sub-015	ses-1	node strength	78	/mnt/nfs/home/URMC-SH/pndagiji/Documents/TrackTBI-Sub/dwi_pipeline/results/node_strength/strength/per_subject/sub-015_strength.csv	node_metrics/sub-015/ses-1/sub-015_ses-1_atlas-DKT78_measure-strength_nodes.csv	169899c6249098e5b1f3e1156bec34b459458a31bce5b76a1e1055c4827c8fdd
sub-015	ses-1	node strengthAI	39	/mnt/nfs/home/URMC-SH/pndagiji/Documents/TrackTBI-Sub/dwi_pipeline/results/node_strength/strength/per_subject/sub-015_ai.csv	node_metrics/sub-015/ses-1/sub-015_ses-1_atlas-DKT78_measure-strengthAI_nodes.csv	d8bbd5d59fed6d9079e382b390cd2bb7e01d2ae5d819d4b6ef27b3c35198dd68
sub-015	ses-1	node volume	78	/mnt/nfs/home/URMC-SH/pndagiji/Documents/TrackTBI-Sub/dwi_pipeline/results/node_strength/volume/per_subject/sub-015_volume.csv	node_metrics/sub-015/ses-1/sub-015_ses-1_atlas-DKT78_measure-volume_nodes.csv	61df206b12cd6a11bbcc9270b5d1b70dc756ef32e15512cdcba06bf10ba1dd26
sub-015	ses-1	node volumeAI	39	/mnt/nfs/home/URMC-SH/pndagiji/Documents/TrackTBI-Sub/dwi_pipeline/results/node_strength/volume/per_subject/sub-015_volume_ai.csv	node_metrics/sub-015/ses-1/sub-015_ses-1_atlas-DKT78_measure-volumeAI_nodes.csv	a8d322bb8d5da6fdae4e08321080c931bd4618ad5ff6d53291d32b5ed854ce4c
sub-015	ses-1	DWI ImageQC	1	/mnt/nfs/home/URMC-SH/pndagiji/Documents/TrackTBI-Sub/dwi_pipeline/results/qsiprep_single_run_output/sub-015/ses-1/dwi/sub-015_ses-1_acq-50dirax_desc-ImageQC_dwi.csv	qc/sub-015/ses-1/dwi/sub-015_ses-1_desc-ImageQC_dwi.csv	ae17830e8ef997bf0921531ab006da1dc9d1768c2537907c4a4e66c8fff7680f
sub-017	ses-1	node strength	78	/mnt/nfs/home/URMC-SH/pndagiji/Documents/TrackTBI-Sub/dwi_pipeline/results/node_strength/strength/per_subject/sub-017_strength.csv	node_metrics/sub-017/ses-1/sub-017_ses-1_atlas-DKT78_measure-strength_nodes.csv	80acb75c45a765bec4633652550d67c210812cfc44ebccf3781d341693b6d68d
sub-017	ses-1	node strengthAI	39	/mnt/nfs/home/URMC-SH/pndagiji/Documents/TrackTBI-Sub/dwi_pipeline/results/node_strength/strength/per_subject/sub-017_ai.csv	node_metrics/sub-017/ses-1/sub-017_ses-1_atlas-DKT78_measure-strengthAI_nodes.csv	935c0012d2abafd72febbd0a9b851f94ac34991718e8a0e617dd9a6ad9c14149
sub-017	ses-1	node volume	78	/mnt/nfs/home/URMC-SH/pndagiji/Documents/TrackTBI-Sub/dwi_pipeline/results/node_strength/volume/per_subject/sub-017_volume.csv	node_metrics/sub-017/ses-1/sub-017_ses-1_atlas-DKT78_measure-volume_nodes.csv	8374a7a26d4009bc9c6f74d68ee9059121b7640e86d9796a1beff12731ccb376
sub-017	ses-1	node volumeAI	39	/mnt/nfs/home/URMC-SH/pndagiji/Documents/TrackTBI-Sub/dwi_pipeline/results/node_strength/volume/per_subject/sub-017_volume_ai.csv	node_metrics/sub-017/ses-1/sub-017_ses-1_atlas-DKT78_measure-volumeAI_nodes.csv	0084cb3c323586f487a9011643d2ca3580ab8ff8affc4bbf51beb7d7f5ff519d
sub-017	ses-1	DWI ImageQC	1	/mnt/nfs/home/URMC-SH/pndagiji/Documents/TrackTBI-Sub/dwi_pipeline/results/qsiprep_single_run_output/sub-017/ses-1/dwi/sub-017_ses-1_acq-50dirax_desc-ImageQC_dwi.csv	qc/sub-017/ses-1/dwi/sub-017_ses-1_desc-ImageQC_dwi.csv	eb56858d711e8e18edb62e8de304738583d124b20fd741c59509383092de3b27
sub-019	ses-1	node strength	78	/mnt/nfs/home/URMC-SH/pndagiji/Documents/TrackTBI-Sub/dwi_pipeline/results/node_strength/strength/per_subject/sub-019_strength.csv	node_metrics/sub-019/ses-1/sub-019_ses-1_atlas-DKT78_measure-strength_nodes.csv	fdae817f6f220ca76cc95ceb8b661b131581a0285f12e17a47e2a9a7287d4481
sub-019	ses-1	node strengthAI	39	/mnt/nfs/home/URMC-SH/pndagiji/Documents/TrackTBI-Sub/dwi_pipeline/results/node_strength/strength/per_subject/sub-019_ai.csv	node_metrics/sub-019/ses-1/sub-019_ses-1_atlas-DKT78_measure-strengthAI_nodes.csv	b803190e4f44cf4b3a48a8773a796190a0d0418790d726e17c28d646b381650c
sub-019	ses-1	node volume	78	/mnt/nfs/home/URMC-SH/pndagiji/Documents/TrackTBI-Sub/dwi_pipeline/results/node_strength/volume/per_subject/sub-019_volume.csv	node_metrics/sub-019/ses-1/sub-019_ses-1_atlas-DKT78_measure-volume_nodes.csv	95fa6e349614d57e3fee200d92ae2df8d5c4f29cc6e1fd4ff7effc0223fb8449
sub-019	ses-1	node volumeAI	39	/mnt/nfs/home/URMC-SH/pndagiji/Documents/TrackTBI-Sub/dwi_pipeline/results/node_strength/volume/per_subject/sub-019_volume_ai.csv	node_metrics/sub-019/ses-1/sub-019_ses-1_atlas-DKT78_measure-volumeAI_nodes.csv	362ff8168506e01445f5d6909423203754aa88f8c3f57ff1318c05476649d702
sub-019	ses-1	DWI ImageQC	1	/mnt/nfs/home/URMC-SH/pndagiji/Documents/TrackTBI-Sub/dwi_pipeline/results/qsiprep_single_run_output/sub-019/ses-1/dwi/sub-019_ses-1_acq-50dirax_desc-ImageQC_dwi.csv	qc/sub-019/ses-1/dwi/sub-019_ses-1_desc-ImageQC_dwi.csv	9aaee107eb32bf43a2a0835b30b04a79558b0b6140b3efe1adc76a76c69f9d24
sub-021	ses-1	node strength	78	/mnt/nfs/home/URMC-SH/pndagiji/Documents/TrackTBI-Sub/dwi_pipeline/results/node_strength/strength/per_subject/sub-021_strength.csv	node_metrics/sub-021/ses-1/sub-021_ses-1_atlas-DKT78_measure-strength_nodes.csv	8dfefdabc9a05eaf12e9446fbf9e4345e2f1ea143ef94374f29ca5e0f1dd7f60
sub-021	ses-1	node strengthAI	39	/mnt/nfs/home/URMC-SH/pndagiji/Documents/TrackTBI-Sub/dwi_pipeline/results/node_strength/strength/per_subject/sub-021_ai.csv	node_metrics/sub-021/ses-1/sub-021_ses-1_atlas-DKT78_measure-strengthAI_nodes.csv	244e2f1ecd896b64f685330e2917696796e5ecbe5e27d7058452887acd6cd1b3
sub-021	ses-1	node volume	78	/mnt/nfs/home/URMC-SH/pndagiji/Documents/TrackTBI-Sub/dwi_pipeline/results/node_strength/volume/per_subject/sub-021_volume.csv	node_metrics/sub-021/ses-1/sub-021_ses-1_atlas-DKT78_measure-volume_nodes.csv	934da74a83f2a6f71ffcbe575cd879d3727c39b4497ed8f9140698379d91573a
sub-021	ses-1	node volumeAI	39	/mnt/nfs/home/URMC-SH/pndagiji/Documents/TrackTBI-Sub/dwi_pipeline/results/node_strength/volume/per_subject/sub-021_volume_ai.csv	node_metrics/sub-021/ses-1/sub-021_ses-1_atlas-DKT78_measure-volumeAI_nodes.csv	5c37de371df2d9b1dc384976f3104e428a2e55fab166f1962158ded02562e201
sub-021	ses-1	DWI ImageQC	1	/mnt/nfs/home/URMC-SH/pndagiji/Documents/TrackTBI-Sub/dwi_pipeline/results/qsiprep_single_run_output/sub-021/ses-1/dwi/sub-021_ses-1_acq-50dirax_desc-ImageQC_dwi.csv	qc/sub-021/ses-1/dwi/sub-021_ses-1_desc-ImageQC_dwi.csv	8c8e3fe22891b7c76fab84b630847a2f0d0497766f77a5a0c29c93b9185e0ce5
sub-022	ses-1	node strength	78	/mnt/nfs/home/URMC-SH/pndagiji/Documents/TrackTBI-Sub/dwi_pipeline/results/node_strength/strength/per_subject/sub-022_strength.csv	node_metrics/sub-022/ses-1/sub-022_ses-1_atlas-DKT78_measure-strength_nodes.csv	a474c44470914c4d7cad92bf7dc28985fe556d919e981db1bb4a9d869baa7288
sub-022	ses-1	node strengthAI	39	/mnt/nfs/home/URMC-SH/pndagiji/Documents/TrackTBI-Sub/dwi_pipeline/results/node_strength/strength/per_subject/sub-022_ai.csv	node_metrics/sub-022/ses-1/sub-022_ses-1_atlas-DKT78_measure-strengthAI_nodes.csv	7758345653a6a0745a04483b72ffe2080671b202d9e4e893c1f66b58556592c5
sub-022	ses-1	node volume	78	/mnt/nfs/home/URMC-SH/pndagiji/Documents/TrackTBI-Sub/dwi_pipeline/results/node_strength/volume/per_subject/sub-022_volume.csv	node_metrics/sub-022/ses-1/sub-022_ses-1_atlas-DKT78_measure-volume_nodes.csv	d20700e1772f11a0dbf36da498a2c1aa8cdcfca5f49576f93b842de1cef5b29d
sub-022	ses-1	node volumeAI	39	/mnt/nfs/home/URMC-SH/pndagiji/Documents/TrackTBI-Sub/dwi_pipeline/results/node_strength/volume/per_subject/sub-022_volume_ai.csv	node_metrics/sub-022/ses-1/sub-022_ses-1_atlas-DKT78_measure-volumeAI_nodes.csv	3775c58191b8b756ebf99cdb5568816d88a09c70717d794439826cc8fd9f0c20
sub-022	ses-1	DWI ImageQC	1	/mnt/nfs/home/URMC-SH/pndagiji/Documents/TrackTBI-Sub/dwi_pipeline/results/qsiprep_single_run_output/sub-022/ses-1/dwi/sub-022_ses-1_acq-50dirax_desc-ImageQC_dwi.csv	qc/sub-022/ses-1/dwi/sub-022_ses-1_desc-ImageQC_dwi.csv	5b4924a4bb919f698212027843ce0028f88d2d435b9f7d9b8289c0f7f12107be
sub-023	ses-1	node strength	78	/mnt/nfs/home/URMC-SH/pndagiji/Documents/TrackTBI-Sub/dwi_pipeline/results/node_strength/strength/per_subject/sub-023_strength.csv	node_metrics/sub-023/ses-1/sub-023_ses-1_atlas-DKT78_measure-strength_nodes.csv	2b14b98e264be4bc52aa0940c301237996103f16e533a174cdba21b89ffcfa7b
sub-023	ses-1	node strengthAI	39	/mnt/nfs/home/URMC-SH/pndagiji/Documents/TrackTBI-Sub/dwi_pipeline/results/node_strength/strength/per_subject/sub-023_ai.csv	node_metrics/sub-023/ses-1/sub-023_ses-1_atlas-DKT78_measure-strengthAI_nodes.csv	354a8343f0f5046140a1cca1555efe1e6e33b57fe57c730b88180973b500c084
sub-023	ses-1	node volume	78	/mnt/nfs/home/URMC-SH/pndagiji/Documents/TrackTBI-Sub/dwi_pipeline/results/node_strength/volume/per_subject/sub-023_volume.csv	node_metrics/sub-023/ses-1/sub-023_ses-1_atlas-DKT78_measure-volume_nodes.csv	9a5d0284b7754edd9db0842f5c472a7fb8052a24e6897d7ae0acf050bb129589
sub-023	ses-1	node volumeAI	39	/mnt/nfs/home/URMC-SH/pndagiji/Documents/TrackTBI-Sub/dwi_pipeline/results/node_strength/volume/per_subject/sub-023_volume_ai.csv	node_metrics/sub-023/ses-1/sub-023_ses-1_atlas-DKT78_measure-volumeAI_nodes.csv	fec44addd34455ab22889e57f560b8e42a70fc6e38440b441bc507ea4d976070
sub-023	ses-1	DWI ImageQC	1	/mnt/nfs/home/URMC-SH/pndagiji/Documents/TrackTBI-Sub/dwi_pipeline/results/qsiprep_single_run_output/sub-023/ses-1/dwi/sub-023_ses-1_acq-64dirax_dir-ap_desc-ImageQC_dwi.csv	qc/sub-023/ses-1/dwi/sub-023_ses-1_desc-ImageQC_dwi.csv	3544d3fab870f391f2674064799de4b73e3b0734caa044e558bb50ffbbe5a069
sub-024	ses-1	node strength	78	/mnt/nfs/home/URMC-SH/pndagiji/Documents/TrackTBI-Sub/dwi_pipeline/results/node_strength/strength/per_subject/sub-024_strength.csv	node_metrics/sub-024/ses-1/sub-024_ses-1_atlas-DKT78_measure-strength_nodes.csv	329563bed40d3c50f3de60298a22f476979f13b3d0c169d64ecdc6e4f67d6e54
sub-024	ses-1	node strengthAI	39	/mnt/nfs/home/URMC-SH/pndagiji/Documents/TrackTBI-Sub/dwi_pipeline/results/node_strength/strength/per_subject/sub-024_ai.csv	node_metrics/sub-024/ses-1/sub-024_ses-1_atlas-DKT78_measure-strengthAI_nodes.csv	42048742878a4086c6b606ce2f0d957310d621bc589f03fee14cb5d19fb061d9
sub-024	ses-1	node volume	78	/mnt/nfs/home/URMC-SH/pndagiji/Documents/TrackTBI-Sub/dwi_pipeline/results/node_strength/volume/per_subject/sub-024_volume.csv	node_metrics/sub-024/ses-1/sub-024_ses-1_atlas-DKT78_measure-volume_nodes.csv	622a6231d161a203a0146856e872e91b221a604b56cb921dd993ce0bb02f0f69
sub-024	ses-1	node volumeAI	39	/mnt/nfs/home/URMC-SH/pndagiji/Documents/TrackTBI-Sub/dwi_pipeline/results/node_strength/volume/per_subject/sub-024_volume_ai.csv	node_metrics/sub-024/ses-1/sub-024_ses-1_atlas-DKT78_measure-volumeAI_nodes.csv	7f50497d14bfcbc0be82c7b35b37cfd3b17cbdf367e15b9b57695126738dc9a5
sub-024	ses-1	DWI ImageQC	1	/mnt/nfs/home/URMC-SH/pndagiji/Documents/TrackTBI-Sub/dwi_pipeline/results/qsiprep_single_run_output/sub-024/ses-1/dwi/sub-024_ses-1_acq-64dirax_dir-ap_desc-ImageQC_dwi.csv	qc/sub-024/ses-1/dwi/sub-024_ses-1_desc-ImageQC_dwi.csv	82ad4bef7197619f55d3f4ead612055b01ee2740224020761b34102a72f061b9
sub-026	ses-1	node strength	78	/mnt/nfs/home/URMC-SH/pndagiji/Documents/TrackTBI-Sub/dwi_pipeline/results/node_strength/strength/per_subject/sub-026_strength.csv	node_metrics/sub-026/ses-1/sub-026_ses-1_atlas-DKT78_measure-strength_nodes.csv	13dd18b459f69138bd2554617ab8dae296e2b19f4ed51cf94b49f21b37f53f5e
sub-026	ses-1	node strengthAI	39	/mnt/nfs/home/URMC-SH/pndagiji/Documents/TrackTBI-Sub/dwi_pipeline/results/node_strength/strength/per_subject/sub-026_ai.csv	node_metrics/sub-026/ses-1/sub-026_ses-1_atlas-DKT78_measure-strengthAI_nodes.csv	24a4ec519bea05c49c0adb4977b9e718133c5e36c7880777f141aaf938dfed99
sub-026	ses-1	node volume	78	/mnt/nfs/home/URMC-SH/pndagiji/Documents/TrackTBI-Sub/dwi_pipeline/results/node_strength/volume/per_subject/sub-026_volume.csv	node_metrics/sub-026/ses-1/sub-026_ses-1_atlas-DKT78_measure-volume_nodes.csv	1ca0aa6b4bb7c4e0ac604b9d37c68b2872bd5dbbc4afa5accad11fd3e1287988
sub-026	ses-1	node volumeAI	39	/mnt/nfs/home/URMC-SH/pndagiji/Documents/TrackTBI-Sub/dwi_pipeline/results/node_strength/volume/per_subject/sub-026_volume_ai.csv	node_metrics/sub-026/ses-1/sub-026_ses-1_atlas-DKT78_measure-volumeAI_nodes.csv	0167362ee09376c132a40bb74607ca7964c07cd985a9f1c5694c6267693e7afe
sub-026	ses-1	DWI ImageQC	1	/mnt/nfs/home/URMC-SH/pndagiji/Documents/TrackTBI-Sub/dwi_pipeline/results/qsiprep_single_run_output/sub-026/ses-1/dwi/sub-026_ses-1_acq-50dirax_desc-ImageQC_dwi.csv	qc/sub-026/ses-1/dwi/sub-026_ses-1_desc-ImageQC_dwi.csv	bb51fb1679e2e80b5eb05828ccb8305ef8f9c31e3db453290215fca727f58945
sub-028	ses-1	node strength	78	/mnt/nfs/home/URMC-SH/pndagiji/Documents/TrackTBI-Sub/dwi_pipeline/results/node_strength/strength/per_subject/sub-028_strength.csv	node_metrics/sub-028/ses-1/sub-028_ses-1_atlas-DKT78_measure-strength_nodes.csv	acf56baba9b9dd4cc98941315fbcd06d592a051caa9c5f2fbfccc3bf397c16cb
sub-028	ses-1	node strengthAI	39	/mnt/nfs/home/URMC-SH/pndagiji/Documents/TrackTBI-Sub/dwi_pipeline/results/node_strength/strength/per_subject/sub-028_ai.csv	node_metrics/sub-028/ses-1/sub-028_ses-1_atlas-DKT78_measure-strengthAI_nodes.csv	d24bf9a4c58a2335d8df4a96920caba40d92e730153997a6abc4a9f5e0bee8b5
sub-028	ses-1	node volume	78	/mnt/nfs/home/URMC-SH/pndagiji/Documents/TrackTBI-Sub/dwi_pipeline/results/node_strength/volume/per_subject/sub-028_volume.csv	node_metrics/sub-028/ses-1/sub-028_ses-1_atlas-DKT78_measure-volume_nodes.csv	ce60e6fcab843d1f87c33912c15d8045ae16ef07e17e0dca834541be6e285029
sub-028	ses-1	node volumeAI	39	/mnt/nfs/home/URMC-SH/pndagiji/Documents/TrackTBI-Sub/dwi_pipeline/results/node_strength/volume/per_subject/sub-028_volume_ai.csv	node_metrics/sub-028/ses-1/sub-028_ses-1_atlas-DKT78_measure-volumeAI_nodes.csv	8aaa3c6db0c65853a50c036dd2139153b6912bf20615cb2dd93eb6d241e786d0
sub-028	ses-1	DWI ImageQC	1	/mnt/nfs/home/URMC-SH/pndagiji/Documents/TrackTBI-Sub/dwi_pipeline/results/qsiprep_single_run_output/sub-028/ses-1/dwi/sub-028_ses-1_acq-64dirax_dir-ap_desc-ImageQC_dwi.csv	qc/sub-028/ses-1/dwi/sub-028_ses-1_desc-ImageQC_dwi.csv	38ce272970fef9c2fc7b390d1de21e528da09e5f6ec4b07b0cc1105a62aecfaf
sub-029	ses-1	node strength	78	/mnt/nfs/home/URMC-SH/pndagiji/Documents/TrackTBI-Sub/dwi_pipeline/results/node_strength/strength/per_subject/sub-029_strength.csv	node_metrics/sub-029/ses-1/sub-029_ses-1_atlas-DKT78_measure-strength_nodes.csv	72a8bdd80e417a41255a74e544a5806801bbcc2031f7c2d44c931318dc3acea1
sub-029	ses-1	node strengthAI	39	/mnt/nfs/home/URMC-SH/pndagiji/Documents/TrackTBI-Sub/dwi_pipeline/results/node_strength/strength/per_subject/sub-029_ai.csv	node_metrics/sub-029/ses-1/sub-029_ses-1_atlas-DKT78_measure-strengthAI_nodes.csv	3d75ace4c8d9fcc8c5d6a6360a5b25f50018e279763012799f8dcbfd4355cdbb
sub-029	ses-1	node volume	78	/mnt/nfs/home/URMC-SH/pndagiji/Documents/TrackTBI-Sub/dwi_pipeline/results/node_strength/volume/per_subject/sub-029_volume.csv	node_metrics/sub-029/ses-1/sub-029_ses-1_atlas-DKT78_measure-volume_nodes.csv	34306489d771283690e374e1fdc161592e0baf8ea362275d28ae0ab0c137ddff
sub-029	ses-1	node volumeAI	39	/mnt/nfs/home/URMC-SH/pndagiji/Documents/TrackTBI-Sub/dwi_pipeline/results/node_strength/volume/per_subject/sub-029_volume_ai.csv	node_metrics/sub-029/ses-1/sub-029_ses-1_atlas-DKT78_measure-volumeAI_nodes.csv	1a5133df4b36e1278e32416cd7441e2b68fb79939676f865129e410fb40dc147
sub-029	ses-1	DWI ImageQC	1	/mnt/nfs/home/URMC-SH/pndagiji/Documents/TrackTBI-Sub/dwi_pipeline/results/qsiprep_single_run_output/sub-029/ses-1/dwi/sub-029_ses-1_acq-50dirax_desc-ImageQC_dwi.csv	qc/sub-029/ses-1/dwi/sub-029_ses-1_desc-ImageQC_dwi.csv	e37381f02a4d36d3c580378eadf2ccb174834d45019b8914e9a4be82a6dc13d1
sub-031	ses-1	node strength	78	/mnt/nfs/home/URMC-SH/pndagiji/Documents/TrackTBI-Sub/dwi_pipeline/results/node_strength/strength/per_subject/sub-031_strength.csv	node_metrics/sub-031/ses-1/sub-031_ses-1_atlas-DKT78_measure-strength_nodes.csv	21ff119cb58be2ff8518a4ba21b3dd81f43d8aa4e09534d8c693cd3a67fec24a
sub-031	ses-1	node strengthAI	39	/mnt/nfs/home/URMC-SH/pndagiji/Documents/TrackTBI-Sub/dwi_pipeline/results/node_strength/strength/per_subject/sub-031_ai.csv	node_metrics/sub-031/ses-1/sub-031_ses-1_atlas-DKT78_measure-strengthAI_nodes.csv	32ae010750b21709091a14bdfbf67dfcc5aa3c6643dc80143f1322b2d3f0e9ed
sub-031	ses-1	node volume	78	/mnt/nfs/home/URMC-SH/pndagiji/Documents/TrackTBI-Sub/dwi_pipeline/results/node_strength/volume/per_subject/sub-031_volume.csv	node_metrics/sub-031/ses-1/sub-031_ses-1_atlas-DKT78_measure-volume_nodes.csv	2889fa2d25f1b268c929e1cced75c456230d2a46b93dd0bb4dab95ada4198cb5
sub-031	ses-1	node volumeAI	39	/mnt/nfs/home/URMC-SH/pndagiji/Documents/TrackTBI-Sub/dwi_pipeline/results/node_strength/volume/per_subject/sub-031_volume_ai.csv	node_metrics/sub-031/ses-1/sub-031_ses-1_atlas-DKT78_measure-volumeAI_nodes.csv	e1605702381a82c387d78f7e055dacdd340d0930640f2e4275e688e4798cac9a
sub-031	ses-1	DWI ImageQC	1	/mnt/nfs/home/URMC-SH/pndagiji/Documents/TrackTBI-Sub/dwi_pipeline/results/qsiprep_single_run_output/sub-031/ses-1/dwi/sub-031_ses-1_acq-64dirax_dir-ap_desc-ImageQC_dwi.csv	qc/sub-031/ses-1/dwi/sub-031_ses-1_desc-ImageQC_dwi.csv	541771e9fac3f3007e243b02a2b42fdeea4fd4793277dfb02d52db0a2d5191a8
sub-032	ses-1	node strength	78	/mnt/nfs/home/URMC-SH/pndagiji/Documents/TrackTBI-Sub/dwi_pipeline/results/node_strength/strength/per_subject/sub-032_strength.csv	node_metrics/sub-032/ses-1/sub-032_ses-1_atlas-DKT78_measure-strength_nodes.csv	3378583efdfb1fdc5efc72c0f72054b46055eed47b64b082f5e6405d8230b0fd
sub-032	ses-1	node strengthAI	39	/mnt/nfs/home/URMC-SH/pndagiji/Documents/TrackTBI-Sub/dwi_pipeline/results/node_strength/strength/per_subject/sub-032_ai.csv	node_metrics/sub-032/ses-1/sub-032_ses-1_atlas-DKT78_measure-strengthAI_nodes.csv	ea4bedf04e0ac3c0550c822eb49345f90f5c996f6ab002bd5718f236851ff39e
sub-032	ses-1	node volume	78	/mnt/nfs/home/URMC-SH/pndagiji/Documents/TrackTBI-Sub/dwi_pipeline/results/node_strength/volume/per_subject/sub-032_volume.csv	node_metrics/sub-032/ses-1/sub-032_ses-1_atlas-DKT78_measure-volume_nodes.csv	066826b701f0b17e50d29197d78d956b2de271500a3603ebf70d614191cb0989
sub-032	ses-1	node volumeAI	39	/mnt/nfs/home/URMC-SH/pndagiji/Documents/TrackTBI-Sub/dwi_pipeline/results/node_strength/volume/per_subject/sub-032_volume_ai.csv	node_metrics/sub-032/ses-1/sub-032_ses-1_atlas-DKT78_measure-volumeAI_nodes.csv	b0ae4abbefad9f899d5dc01e2eaf358eb89ff48969b6f470905a3ba5c6c12b31
sub-032	ses-1	DWI ImageQC	1	/mnt/nfs/home/URMC-SH/pndagiji/Documents/TrackTBI-Sub/dwi_pipeline/results/qsiprep_single_run_output/sub-032/ses-1/dwi/sub-032_ses-1_acq-64dirax_dir-ap_desc-ImageQC_dwi.csv	qc/sub-032/ses-1/dwi/sub-032_ses-1_desc-ImageQC_dwi.csv	f06e6913e9998a45b22e5a21db03558a7da8bf0b7d272e52a360b4d94b3f05ad
sub-033	ses-1	node strength	78	/mnt/nfs/home/URMC-SH/pndagiji/Documents/TrackTBI-Sub/dwi_pipeline/results/node_strength/strength/per_subject/sub-033_strength.csv	node_metrics/sub-033/ses-1/sub-033_ses-1_atlas-DKT78_measure-strength_nodes.csv	703529a5aef071a149ec546bb09b6259ee0651a04c43412c4dd61a88ba099a09
sub-033	ses-1	node strengthAI	39	/mnt/nfs/home/URMC-SH/pndagiji/Documents/TrackTBI-Sub/dwi_pipeline/results/node_strength/strength/per_subject/sub-033_ai.csv	node_metrics/sub-033/ses-1/sub-033_ses-1_atlas-DKT78_measure-strengthAI_nodes.csv	076d15d68e0d16b99730f6d6abb86e6e4c29ba815547edc8288c0680c88dc2c9
sub-033	ses-1	node volume	78	/mnt/nfs/home/URMC-SH/pndagiji/Documents/TrackTBI-Sub/dwi_pipeline/results/node_strength/volume/per_subject/sub-033_volume.csv	node_metrics/sub-033/ses-1/sub-033_ses-1_atlas-DKT78_measure-volume_nodes.csv	fe23f883bb8b2effd04e5937b9a35e7ce3717e403646c1cddbcdd7fa0b79d4a2
sub-033	ses-1	node volumeAI	39	/mnt/nfs/home/URMC-SH/pndagiji/Documents/TrackTBI-Sub/dwi_pipeline/results/node_strength/volume/per_subject/sub-033_volume_ai.csv	node_metrics/sub-033/ses-1/sub-033_ses-1_atlas-DKT78_measure-volumeAI_nodes.csv	0d298054a16a54279b1ba7d01bca8908daaa5cc05786d4b0ff4f92805a6723c1
sub-033	ses-1	DWI ImageQC	1	/mnt/nfs/home/URMC-SH/pndagiji/Documents/TrackTBI-Sub/dwi_pipeline/results/qsiprep_single_run_output/sub-033/ses-1/dwi/sub-033_ses-1_acq-50dirax_desc-ImageQC_dwi.csv	qc/sub-033/ses-1/dwi/sub-033_ses-1_desc-ImageQC_dwi.csv	6778eaad1fa4c0da76090f380cdcba3e338148d84f615ce44a35fe3e9054052c
sub-035	ses-1	node strength	78	/mnt/nfs/home/URMC-SH/pndagiji/Documents/TrackTBI-Sub/dwi_pipeline/results/node_strength/strength/per_subject/sub-035_strength.csv	node_metrics/sub-035/ses-1/sub-035_ses-1_atlas-DKT78_measure-strength_nodes.csv	4bf502d4da025b6ec9fa22e88682cfc93d0bb765880265c50f3c68eb489bb4ab
sub-035	ses-1	node strengthAI	39	/mnt/nfs/home/URMC-SH/pndagiji/Documents/TrackTBI-Sub/dwi_pipeline/results/node_strength/strength/per_subject/sub-035_ai.csv	node_metrics/sub-035/ses-1/sub-035_ses-1_atlas-DKT78_measure-strengthAI_nodes.csv	b5aa23c330ae69a5fe6f4357c35688151e3a2156f4b24a7943227c1bfdb4cd3c
sub-035	ses-1	node volume	78	/mnt/nfs/home/URMC-SH/pndagiji/Documents/TrackTBI-Sub/dwi_pipeline/results/node_strength/volume/per_subject/sub-035_volume.csv	node_metrics/sub-035/ses-1/sub-035_ses-1_atlas-DKT78_measure-volume_nodes.csv	6db779ca44306f83592147da95d620a508dab0148630d1bf90818fb1333c5eda
sub-035	ses-1	node volumeAI	39	/mnt/nfs/home/URMC-SH/pndagiji/Documents/TrackTBI-Sub/dwi_pipeline/results/node_strength/volume/per_subject/sub-035_volume_ai.csv	node_metrics/sub-035/ses-1/sub-035_ses-1_atlas-DKT78_measure-volumeAI_nodes.csv	7aa386cdcd2418fde79e48658c0404b3785f00561ae503caad508d3181dee891
sub-035	ses-1	DWI ImageQC	1	/mnt/nfs/home/URMC-SH/pndagiji/Documents/TrackTBI-Sub/dwi_pipeline/results/qsiprep_single_run_output/sub-035/ses-1/dwi/sub-035_ses-1_acq-50dirax_desc-ImageQC_dwi.csv	qc/sub-035/ses-1/dwi/sub-035_ses-1_desc-ImageQC_dwi.csv	d44301861cf970f43d447ad8075c4ae8f029ebfad5cb4a255299d340e1d08696
sub-038	ses-1	node strength	78	/mnt/nfs/home/URMC-SH/pndagiji/Documents/TrackTBI-Sub/dwi_pipeline/results/node_strength/strength/per_subject/sub-038_strength.csv	node_metrics/sub-038/ses-1/sub-038_ses-1_atlas-DKT78_measure-strength_nodes.csv	50de25c8089e626432cf221a07ebcc00813b62a0f6dd22e60ea59c1aa84a60bc
sub-038	ses-1	node strengthAI	39	/mnt/nfs/home/URMC-SH/pndagiji/Documents/TrackTBI-Sub/dwi_pipeline/results/node_strength/strength/per_subject/sub-038_ai.csv	node_metrics/sub-038/ses-1/sub-038_ses-1_atlas-DKT78_measure-strengthAI_nodes.csv	7b4f360480f945f66bea4e1a4a79f0b10b2d74c2204dbd2a7298eadd060b703d
sub-038	ses-1	node volume	78	/mnt/nfs/home/URMC-SH/pndagiji/Documents/TrackTBI-Sub/dwi_pipeline/results/node_strength/volume/per_subject/sub-038_volume.csv	node_metrics/sub-038/ses-1/sub-038_ses-1_atlas-DKT78_measure-volume_nodes.csv	52383ccc07617b257649a32d3fa57e8a9954c6a939fbb12a9a2a90085dcb7651
sub-038	ses-1	node volumeAI	39	/mnt/nfs/home/URMC-SH/pndagiji/Documents/TrackTBI-Sub/dwi_pipeline/results/node_strength/volume/per_subject/sub-038_volume_ai.csv	node_metrics/sub-038/ses-1/sub-038_ses-1_atlas-DKT78_measure-volumeAI_nodes.csv	e0877dcf1672aafa6924f8cb7fbc10a88a8b3430f4b6b3d5c434cd4e225a723a
sub-038	ses-1	DWI ImageQC	1	/mnt/nfs/home/URMC-SH/pndagiji/Documents/TrackTBI-Sub/dwi_pipeline/results/qsiprep_single_run_output/sub-038/ses-1/dwi/sub-038_ses-1_acq-50dirax_desc-ImageQC_dwi.csv	qc/sub-038/ses-1/dwi/sub-038_ses-1_desc-ImageQC_dwi.csv	782ed70691494d3227754578d56f38b057be3bd9a1f5cb1d6b7000538fb36516
sub-039	ses-1	node strength	78	/mnt/nfs/home/URMC-SH/pndagiji/Documents/TrackTBI-Sub/dwi_pipeline/results/node_strength/strength/per_subject/sub-039_strength.csv	node_metrics/sub-039/ses-1/sub-039_ses-1_atlas-DKT78_measure-strength_nodes.csv	a9aa099e47ed53707de4fd30eab57cdbdea169c14f80e2c981d990dba6ee16bd
sub-039	ses-1	node strengthAI	39	/mnt/nfs/home/URMC-SH/pndagiji/Documents/TrackTBI-Sub/dwi_pipeline/results/node_strength/strength/per_subject/sub-039_ai.csv	node_metrics/sub-039/ses-1/sub-039_ses-1_atlas-DKT78_measure-strengthAI_nodes.csv	cc9005b5ccccd398264042a0832a67b02a278149c6c7f98b67532f2e633ac014
sub-039	ses-1	node volume	78	/mnt/nfs/home/URMC-SH/pndagiji/Documents/TrackTBI-Sub/dwi_pipeline/results/node_strength/volume/per_subject/sub-039_volume.csv	node_metrics/sub-039/ses-1/sub-039_ses-1_atlas-DKT78_measure-volume_nodes.csv	ef92c65220dc1be5a818891d1a4bc094b99670f16a2d57dbc9a6ab9c0fbc592e
sub-039	ses-1	node volumeAI	39	/mnt/nfs/home/URMC-SH/pndagiji/Documents/TrackTBI-Sub/dwi_pipeline/results/node_strength/volume/per_subject/sub-039_volume_ai.csv	node_metrics/sub-039/ses-1/sub-039_ses-1_atlas-DKT78_measure-volumeAI_nodes.csv	bc41f1e680bc9dea72db1c3eac40bd7e79d3b33ef4e8b2756f80b0bdb2480f46
sub-039	ses-1	DWI ImageQC	1	/mnt/nfs/home/URMC-SH/pndagiji/Documents/TrackTBI-Sub/dwi_pipeline/results/qsiprep_single_run_output/sub-039/ses-1/dwi/sub-039_ses-1_acq-64dirax_dir-ap_desc-ImageQC_dwi.csv	qc/sub-039/ses-1/dwi/sub-039_ses-1_desc-ImageQC_dwi.csv	8af631af4830a804ae5e1cbcd7397753e73b1de7a60414bfe83f64883a4a3bc1
sub-040	ses-1	node strength	78	/mnt/nfs/home/URMC-SH/pndagiji/Documents/TrackTBI-Sub/dwi_pipeline/results/node_strength/strength/per_subject/sub-040_strength.csv	node_metrics/sub-040/ses-1/sub-040_ses-1_atlas-DKT78_measure-strength_nodes.csv	364a8b45517050e5e748e697d1f9c402c9ca7e81a037a5acadf60d79cb4985b5
sub-040	ses-1	node strengthAI	39	/mnt/nfs/home/URMC-SH/pndagiji/Documents/TrackTBI-Sub/dwi_pipeline/results/node_strength/strength/per_subject/sub-040_ai.csv	node_metrics/sub-040/ses-1/sub-040_ses-1_atlas-DKT78_measure-strengthAI_nodes.csv	15101792022153fd0c8cb980cd39e418d5787de0b7df904acca8a7263e43e750
sub-040	ses-1	node volume	78	/mnt/nfs/home/URMC-SH/pndagiji/Documents/TrackTBI-Sub/dwi_pipeline/results/node_strength/volume/per_subject/sub-040_volume.csv	node_metrics/sub-040/ses-1/sub-040_ses-1_atlas-DKT78_measure-volume_nodes.csv	7b25b1ae2af9286e2c17b08ef49ff97db8793876510465b6f2722c30f0d9a3e2
sub-040	ses-1	node volumeAI	39	/mnt/nfs/home/URMC-SH/pndagiji/Documents/TrackTBI-Sub/dwi_pipeline/results/node_strength/volume/per_subject/sub-040_volume_ai.csv	node_metrics/sub-040/ses-1/sub-040_ses-1_atlas-DKT78_measure-volumeAI_nodes.csv	641625e90d5c4924f7b8107e0a6dbb7e28ef5d71ea494e34ade61433099f6855
sub-040	ses-1	DWI ImageQC	1	/mnt/nfs/home/URMC-SH/pndagiji/Documents/TrackTBI-Sub/dwi_pipeline/results/qsiprep_single_run_output/sub-040/ses-1/dwi/sub-040_ses-1_acq-50dirax_desc-ImageQC_dwi.csv	qc/sub-040/ses-1/dwi/sub-040_ses-1_desc-ImageQC_dwi.csv	d3f9a37162fd6d19bd600990b140aab90aebbe2ca3ea62045f883db3c5713b9d
sub-043	ses-1	node strength	78	/mnt/nfs/home/URMC-SH/pndagiji/Documents/TrackTBI-Sub/dwi_pipeline/results/node_strength/strength/per_subject/sub-043_strength.csv	node_metrics/sub-043/ses-1/sub-043_ses-1_atlas-DKT78_measure-strength_nodes.csv	6609c6afd64692bae578b5fdd193b3f3533b58f9697a55ebeb1495ef3272c324
sub-043	ses-1	node strengthAI	39	/mnt/nfs/home/URMC-SH/pndagiji/Documents/TrackTBI-Sub/dwi_pipeline/results/node_strength/strength/per_subject/sub-043_ai.csv	node_metrics/sub-043/ses-1/sub-043_ses-1_atlas-DKT78_measure-strengthAI_nodes.csv	369d134c7c31c675c6504eac63779bf5c984883376811f5540e927ad4c72130c
sub-043	ses-1	node volume	78	/mnt/nfs/home/URMC-SH/pndagiji/Documents/TrackTBI-Sub/dwi_pipeline/results/node_strength/volume/per_subject/sub-043_volume.csv	node_metrics/sub-043/ses-1/sub-043_ses-1_atlas-DKT78_measure-volume_nodes.csv	5221e9fef41dd5fb39f37a17245053f4bee98523126b4761db3b66ee97c690a6
sub-043	ses-1	node volumeAI	39	/mnt/nfs/home/URMC-SH/pndagiji/Documents/TrackTBI-Sub/dwi_pipeline/results/node_strength/volume/per_subject/sub-043_volume_ai.csv	node_metrics/sub-043/ses-1/sub-043_ses-1_atlas-DKT78_measure-volumeAI_nodes.csv	55936f1f734862f2b36b2078de723d0c8b19aa7820a84d96a88b0b5694004f9b
sub-043	ses-1	DWI ImageQC	1	/mnt/nfs/home/URMC-SH/pndagiji/Documents/TrackTBI-Sub/dwi_pipeline/results/qsiprep_single_run_output/sub-043/ses-1/dwi/sub-043_ses-1_acq-64dirax_dir-ap_desc-ImageQC_dwi.csv	qc/sub-043/ses-1/dwi/sub-043_ses-1_desc-ImageQC_dwi.csv	9befd86be07e785aeee57ed20eda146a3ab37b04abb100b9759a47efa79be697
sub-044	ses-1	node strength	78	/mnt/nfs/home/URMC-SH/pndagiji/Documents/TrackTBI-Sub/dwi_pipeline/results/node_strength/strength/per_subject/sub-044_strength.csv	node_metrics/sub-044/ses-1/sub-044_ses-1_atlas-DKT78_measure-strength_nodes.csv	45ad5db8841d68f644794bf446a1a2aa54c03283f33a912b5a9a401d1bb6acd8
sub-044	ses-1	node strengthAI	39	/mnt/nfs/home/URMC-SH/pndagiji/Documents/TrackTBI-Sub/dwi_pipeline/results/node_strength/strength/per_subject/sub-044_ai.csv	node_metrics/sub-044/ses-1/sub-044_ses-1_atlas-DKT78_measure-strengthAI_nodes.csv	c5ff61a88ffc8922fc47a091dc8be3a7c4aec93186812123f8895e87b4892f8d
sub-044	ses-1	node volume	78	/mnt/nfs/home/URMC-SH/pndagiji/Documents/TrackTBI-Sub/dwi_pipeline/results/node_strength/volume/per_subject/sub-044_volume.csv	node_metrics/sub-044/ses-1/sub-044_ses-1_atlas-DKT78_measure-volume_nodes.csv	5dfdebe76e58eaff2a2059c5ae4df6d82a7aa74d39887d59941514e8d1afbfbe
sub-044	ses-1	node volumeAI	39	/mnt/nfs/home/URMC-SH/pndagiji/Documents/TrackTBI-Sub/dwi_pipeline/results/node_strength/volume/per_subject/sub-044_volume_ai.csv	node_metrics/sub-044/ses-1/sub-044_ses-1_atlas-DKT78_measure-volumeAI_nodes.csv	549aebca2287ff93fdccad96436a3cc7fe6d80e5a7387e2f6740d3bdc10ac793
sub-044	ses-1	DWI ImageQC	1	/mnt/nfs/home/URMC-SH/pndagiji/Documents/TrackTBI-Sub/dwi_pipeline/results/qsiprep_single_run_output/sub-044/ses-1/dwi/sub-044_ses-1_acq-50dirax_desc-ImageQC_dwi.csv	qc/sub-044/ses-1/dwi/sub-044_ses-1_desc-ImageQC_dwi.csv	1807719b4a89dafb74297bce8e270ea0a46b44da5b4957e0162cda079fe5ca55
sub-045	ses-1	node strength	78	/mnt/nfs/home/URMC-SH/pndagiji/Documents/TrackTBI-Sub/dwi_pipeline/results/node_strength/strength/per_subject/sub-045_strength.csv	node_metrics/sub-045/ses-1/sub-045_ses-1_atlas-DKT78_measure-strength_nodes.csv	431f11f565eb66130939fa97886107033ee6fbd3e2ce8e799c751cc9c0c4bfbb
sub-045	ses-1	node strengthAI	39	/mnt/nfs/home/URMC-SH/pndagiji/Documents/TrackTBI-Sub/dwi_pipeline/results/node_strength/strength/per_subject/sub-045_ai.csv	node_metrics/sub-045/ses-1/sub-045_ses-1_atlas-DKT78_measure-strengthAI_nodes.csv	6a20ae7305e26172c718280465c6e809d97bf7e81f9648a5b2ff4f3f7be25936
sub-045	ses-1	node volume	78	/mnt/nfs/home/URMC-SH/pndagiji/Documents/TrackTBI-Sub/dwi_pipeline/results/node_strength/volume/per_subject/sub-045_volume.csv	node_metrics/sub-045/ses-1/sub-045_ses-1_atlas-DKT78_measure-volume_nodes.csv	066e12b36e070c620e12e05501bc866bdb05ea8859fd44e407d321337a2206c8
sub-045	ses-1	node volumeAI	39	/mnt/nfs/home/URMC-SH/pndagiji/Documents/TrackTBI-Sub/dwi_pipeline/results/node_strength/volume/per_subject/sub-045_volume_ai.csv	node_metrics/sub-045/ses-1/sub-045_ses-1_atlas-DKT78_measure-volumeAI_nodes.csv	277cab54fe4b747299a186217c2f42e07eaf50f82a7242c813ee1a3e967b8ce7
sub-045	ses-1	DWI ImageQC	1	/mnt/nfs/home/URMC-SH/pndagiji/Documents/TrackTBI-Sub/dwi_pipeline/results/qsiprep_single_run_output/sub-045/ses-1/dwi/sub-045_ses-1_acq-64dirax_dir-ap_desc-ImageQC_dwi.csv	qc/sub-045/ses-1/dwi/sub-045_ses-1_desc-ImageQC_dwi.csv	6801b90f2e614622cb5bf5d7dd157c812bb9ad458ac14238eeb7f9fe320927f9
sub-046	ses-1	node strength	78	/mnt/nfs/home/URMC-SH/pndagiji/Documents/TrackTBI-Sub/dwi_pipeline/results/node_strength/strength/per_subject/sub-046_strength.csv	node_metrics/sub-046/ses-1/sub-046_ses-1_atlas-DKT78_measure-strength_nodes.csv	a23b09a4863fb27c1a22e11236797deb0a8f2bb7be3a7110180e803acfa1d50f
sub-046	ses-1	node strengthAI	39	/mnt/nfs/home/URMC-SH/pndagiji/Documents/TrackTBI-Sub/dwi_pipeline/results/node_strength/strength/per_subject/sub-046_ai.csv	node_metrics/sub-046/ses-1/sub-046_ses-1_atlas-DKT78_measure-strengthAI_nodes.csv	8b4f8f2df27e5cf3ee6eb4e93238fcdf4ad56ad0f8c017790e89148dcb6ebc08
sub-046	ses-1	node volume	78	/mnt/nfs/home/URMC-SH/pndagiji/Documents/TrackTBI-Sub/dwi_pipeline/results/node_strength/volume/per_subject/sub-046_volume.csv	node_metrics/sub-046/ses-1/sub-046_ses-1_atlas-DKT78_measure-volume_nodes.csv	b040025c0ee7c1ddb8c0b16ffe0b46633a465485e185e3c4d9ab1463ae692255
sub-046	ses-1	node volumeAI	39	/mnt/nfs/home/URMC-SH/pndagiji/Documents/TrackTBI-Sub/dwi_pipeline/results/node_strength/volume/per_subject/sub-046_volume_ai.csv	node_metrics/sub-046/ses-1/sub-046_ses-1_atlas-DKT78_measure-volumeAI_nodes.csv	65f7208d692abc4d5f285dbe919ee14552a3ce26bd7c90dcd48cdb2f7e8aeffc
sub-046	ses-1	DWI ImageQC	1	/mnt/nfs/home/URMC-SH/pndagiji/Documents/TrackTBI-Sub/dwi_pipeline/results/qsiprep_single_run_output/sub-046/ses-1/dwi/sub-046_ses-1_acq-64dirax_dir-ap_desc-ImageQC_dwi.csv	qc/sub-046/ses-1/dwi/sub-046_ses-1_desc-ImageQC_dwi.csv	4aa8b844ce3910e41b2f227f2632da86684f08a5b5a62d62527366cd08358c86
sub-049	ses-1	node strength	78	/mnt/nfs/home/URMC-SH/pndagiji/Documents/TrackTBI-Sub/dwi_pipeline/results/node_strength/strength/per_subject/sub-049_strength.csv	node_metrics/sub-049/ses-1/sub-049_ses-1_atlas-DKT78_measure-strength_nodes.csv	7f47ca1fad5b91936a048dd92baa4944b6163ccf42702af35d796ce11cc78707
sub-049	ses-1	node strengthAI	39	/mnt/nfs/home/URMC-SH/pndagiji/Documents/TrackTBI-Sub/dwi_pipeline/results/node_strength/strength/per_subject/sub-049_ai.csv	node_metrics/sub-049/ses-1/sub-049_ses-1_atlas-DKT78_measure-strengthAI_nodes.csv	423c390d93a345827f8f9568295ed433f95bf06687a25c8da9f41763b635199c
sub-049	ses-1	node volume	78	/mnt/nfs/home/URMC-SH/pndagiji/Documents/TrackTBI-Sub/dwi_pipeline/results/node_strength/volume/per_subject/sub-049_volume.csv	node_metrics/sub-049/ses-1/sub-049_ses-1_atlas-DKT78_measure-volume_nodes.csv	006f6971267e49036b2d25a6ed7d465f28313a80349fe86041625670a45b090e
sub-049	ses-1	node volumeAI	39	/mnt/nfs/home/URMC-SH/pndagiji/Documents/TrackTBI-Sub/dwi_pipeline/results/node_strength/volume/per_subject/sub-049_volume_ai.csv	node_metrics/sub-049/ses-1/sub-049_ses-1_atlas-DKT78_measure-volumeAI_nodes.csv	1f65c722f1f80c423a606623f349b8500dccdc0b745b866e9980f3d51922420d
sub-049	ses-1	DWI ImageQC	1	/mnt/nfs/home/URMC-SH/pndagiji/Documents/TrackTBI-Sub/dwi_pipeline/results/qsiprep_single_run_output/sub-049/ses-1/dwi/sub-049_ses-1_acq-50dirax_desc-ImageQC_dwi.csv	qc/sub-049/ses-1/dwi/sub-049_ses-1_desc-ImageQC_dwi.csv	0abe0864085002674b819018beba7c787f5ef9861a83b24c5e6a4a28aa12a792
sub-051	ses-1	node strength	78	/mnt/nfs/home/URMC-SH/pndagiji/Documents/TrackTBI-Sub/dwi_pipeline/results/node_strength/strength/per_subject/sub-051_strength.csv	node_metrics/sub-051/ses-1/sub-051_ses-1_atlas-DKT78_measure-strength_nodes.csv	a3c2d7987a1911b655830cce3c307e0bc4242a70d06b43c88b60d150170a0422
sub-051	ses-1	node strengthAI	39	/mnt/nfs/home/URMC-SH/pndagiji/Documents/TrackTBI-Sub/dwi_pipeline/results/node_strength/strength/per_subject/sub-051_ai.csv	node_metrics/sub-051/ses-1/sub-051_ses-1_atlas-DKT78_measure-strengthAI_nodes.csv	8db0ab2a4bb8de3ba19c40f394b500c431d37bf11e78203c375c398ccf07ab0f
sub-051	ses-1	node volume	78	/mnt/nfs/home/URMC-SH/pndagiji/Documents/TrackTBI-Sub/dwi_pipeline/results/node_strength/volume/per_subject/sub-051_volume.csv	node_metrics/sub-051/ses-1/sub-051_ses-1_atlas-DKT78_measure-volume_nodes.csv	d87ac61bfafe966983663a7ca27818676fa589aa75142a31d03b40e4ef6d2d99
sub-051	ses-1	node volumeAI	39	/mnt/nfs/home/URMC-SH/pndagiji/Documents/TrackTBI-Sub/dwi_pipeline/results/node_strength/volume/per_subject/sub-051_volume_ai.csv	node_metrics/sub-051/ses-1/sub-051_ses-1_atlas-DKT78_measure-volumeAI_nodes.csv	35ba68583968404f7377775db217a5e3c5412643cb59582d6a4a237ebaf67a6c
sub-051	ses-1	DWI ImageQC	1	/mnt/nfs/home/URMC-SH/pndagiji/Documents/TrackTBI-Sub/dwi_pipeline/results/qsiprep_single_run_output/sub-051/ses-1/dwi/sub-051_ses-1_acq-50dirax_desc-ImageQC_dwi.csv	qc/sub-051/ses-1/dwi/sub-051_ses-1_desc-ImageQC_dwi.csv	f079761d1d4aed0a06ec33a59ae8695ac6953b6aff90070f913c77605b5b235d
sub-052	ses-1	node strength	78	/mnt/nfs/home/URMC-SH/pndagiji/Documents/TrackTBI-Sub/dwi_pipeline/results/node_strength/strength/per_subject/sub-052_strength.csv	node_metrics/sub-052/ses-1/sub-052_ses-1_atlas-DKT78_measure-strength_nodes.csv	e8ec859a51bbe6a0ea00a7e6033c984dc4a9ed888ddb7f1918bd12d2fc04e1c6
sub-052	ses-1	node strengthAI	39	/mnt/nfs/home/URMC-SH/pndagiji/Documents/TrackTBI-Sub/dwi_pipeline/results/node_strength/strength/per_subject/sub-052_ai.csv	node_metrics/sub-052/ses-1/sub-052_ses-1_atlas-DKT78_measure-strengthAI_nodes.csv	3deb4cc36bb63a3001c020821ba86bf342e9cca8712595898c00ee4c675db6be
sub-052	ses-1	node volume	78	/mnt/nfs/home/URMC-SH/pndagiji/Documents/TrackTBI-Sub/dwi_pipeline/results/node_strength/volume/per_subject/sub-052_volume.csv	node_metrics/sub-052/ses-1/sub-052_ses-1_atlas-DKT78_measure-volume_nodes.csv	f0a1b8e341e1fa00ae162540cacdd295bc54b61b7cf28bef04444e7684066135
sub-052	ses-1	node volumeAI	39	/mnt/nfs/home/URMC-SH/pndagiji/Documents/TrackTBI-Sub/dwi_pipeline/results/node_strength/volume/per_subject/sub-052_volume_ai.csv	node_metrics/sub-052/ses-1/sub-052_ses-1_atlas-DKT78_measure-volumeAI_nodes.csv	126e15257c40815bce18e30e63cc8d4ec358812c17e3a4c762f7f0f8ec53a1d2
sub-052	ses-1	DWI ImageQC	1	/mnt/nfs/home/URMC-SH/pndagiji/Documents/TrackTBI-Sub/dwi_pipeline/results/qsiprep_single_run_output/sub-052/ses-1/dwi/sub-052_ses-1_acq-50dirax_desc-ImageQC_dwi.csv	qc/sub-052/ses-1/dwi/sub-052_ses-1_desc-ImageQC_dwi.csv	d9c0495838d40559a652a286ab4734fa2def9f6b57a68664e6f07f6e8306af18
sub-053	ses-1	node strength	78	/mnt/nfs/home/URMC-SH/pndagiji/Documents/TrackTBI-Sub/dwi_pipeline/results/node_strength/strength/per_subject/sub-053_strength.csv	node_metrics/sub-053/ses-1/sub-053_ses-1_atlas-DKT78_measure-strength_nodes.csv	94067a06c180bb3091f2582df49c34ec34b3d891f2204a9b3b0877c4dd24305d
sub-053	ses-1	node strengthAI	39	/mnt/nfs/home/URMC-SH/pndagiji/Documents/TrackTBI-Sub/dwi_pipeline/results/node_strength/strength/per_subject/sub-053_ai.csv	node_metrics/sub-053/ses-1/sub-053_ses-1_atlas-DKT78_measure-strengthAI_nodes.csv	a8371815fd4d07b65926877bd3f6f38664613cb7086da256683768862a8562b4
sub-053	ses-1	node volume	78	/mnt/nfs/home/URMC-SH/pndagiji/Documents/TrackTBI-Sub/dwi_pipeline/results/node_strength/volume/per_subject/sub-053_volume.csv	node_metrics/sub-053/ses-1/sub-053_ses-1_atlas-DKT78_measure-volume_nodes.csv	2a5b663b7d565a23688edff637e14cc2f3a71db7487c65ffca21facba0cb37ea
sub-053	ses-1	node volumeAI	39	/mnt/nfs/home/URMC-SH/pndagiji/Documents/TrackTBI-Sub/dwi_pipeline/results/node_strength/volume/per_subject/sub-053_volume_ai.csv	node_metrics/sub-053/ses-1/sub-053_ses-1_atlas-DKT78_measure-volumeAI_nodes.csv	b6ffa197f11d5f1f8dafc56c3f6e343cafb4dffd0da7acd231af1d621a4afaf5
sub-053	ses-1	DWI ImageQC	1	/mnt/nfs/home/URMC-SH/pndagiji/Documents/TrackTBI-Sub/dwi_pipeline/results/qsiprep_single_run_output/sub-053/ses-1/dwi/sub-053_ses-1_acq-64dirax_dir-ap_desc-ImageQC_dwi.csv	qc/sub-053/ses-1/dwi/sub-053_ses-1_desc-ImageQC_dwi.csv	f953236f0d9645120a7ffea8e502b3e970ef1cd3ff66e2a9590d03e00d3e9cc7
sub-054	ses-1	node strength	78	/mnt/nfs/home/URMC-SH/pndagiji/Documents/TrackTBI-Sub/dwi_pipeline/results/node_strength/strength/per_subject/sub-054_strength.csv	node_metrics/sub-054/ses-1/sub-054_ses-1_atlas-DKT78_measure-strength_nodes.csv	5fb388f06872460e6723b9bd78299188077346f9729e9592899d8cb75a39602e
sub-054	ses-1	node strengthAI	39	/mnt/nfs/home/URMC-SH/pndagiji/Documents/TrackTBI-Sub/dwi_pipeline/results/node_strength/strength/per_subject/sub-054_ai.csv	node_metrics/sub-054/ses-1/sub-054_ses-1_atlas-DKT78_measure-strengthAI_nodes.csv	4b34d5d5edd184c725f86c32ad57c91155a1833da0bb47345bed704f4d67aed3
sub-054	ses-1	node volume	78	/mnt/nfs/home/URMC-SH/pndagiji/Documents/TrackTBI-Sub/dwi_pipeline/results/node_strength/volume/per_subject/sub-054_volume.csv	node_metrics/sub-054/ses-1/sub-054_ses-1_atlas-DKT78_measure-volume_nodes.csv	022d6061c1f74445184fc7478666de5ec75f0004c60df5666e9d6d11ba56bdd1
sub-054	ses-1	node volumeAI	39	/mnt/nfs/home/URMC-SH/pndagiji/Documents/TrackTBI-Sub/dwi_pipeline/results/node_strength/volume/per_subject/sub-054_volume_ai.csv	node_metrics/sub-054/ses-1/sub-054_ses-1_atlas-DKT78_measure-volumeAI_nodes.csv	056d93b5b1b72c0d81c6a922496dec22a4e60ce0fc0c6e5344d69b62065993c8
sub-054	ses-1	DWI ImageQC	1	/mnt/nfs/home/URMC-SH/pndagiji/Documents/TrackTBI-Sub/dwi_pipeline/results/qsiprep_single_run_output/sub-054/ses-1/dwi/sub-054_ses-1_acq-50dirax_desc-ImageQC_dwi.csv	qc/sub-054/ses-1/dwi/sub-054_ses-1_desc-ImageQC_dwi.csv	62e8c9607fac0cee8a7b7d7592149d3a72e64132c439915428883d5c88af18fe
sub-056	ses-1	node strength	78	/mnt/nfs/home/URMC-SH/pndagiji/Documents/TrackTBI-Sub/dwi_pipeline/results/node_strength/strength/per_subject/sub-056_strength.csv	node_metrics/sub-056/ses-1/sub-056_ses-1_atlas-DKT78_measure-strength_nodes.csv	6a416765d58fce621e380d9e156edbc0438d8b14e7c7a2f8c6146fa4edee8b80
sub-056	ses-1	node strengthAI	39	/mnt/nfs/home/URMC-SH/pndagiji/Documents/TrackTBI-Sub/dwi_pipeline/results/node_strength/strength/per_subject/sub-056_ai.csv	node_metrics/sub-056/ses-1/sub-056_ses-1_atlas-DKT78_measure-strengthAI_nodes.csv	86a631f3dc9fa86ae4c4a93c80a52b723530ae8115f8612516c3d6dbab777a8c
sub-056	ses-1	node volume	78	/mnt/nfs/home/URMC-SH/pndagiji/Documents/TrackTBI-Sub/dwi_pipeline/results/node_strength/volume/per_subject/sub-056_volume.csv	node_metrics/sub-056/ses-1/sub-056_ses-1_atlas-DKT78_measure-volume_nodes.csv	a40b06c5fd4554d67d842965b669a80bb7277d92055ff8c1c0ac9fc3d0459ee2
sub-056	ses-1	node volumeAI	39	/mnt/nfs/home/URMC-SH/pndagiji/Documents/TrackTBI-Sub/dwi_pipeline/results/node_strength/volume/per_subject/sub-056_volume_ai.csv	node_metrics/sub-056/ses-1/sub-056_ses-1_atlas-DKT78_measure-volumeAI_nodes.csv	27b997e6f9437ca2d72102cc0bc688e66381c19e56e0ce6ad35e47761ebd4c5d
sub-056	ses-1	DWI ImageQC	1	/mnt/nfs/home/URMC-SH/pndagiji/Documents/TrackTBI-Sub/dwi_pipeline/results/qsiprep_single_run_output/sub-056/ses-1/dwi/sub-056_ses-1_acq-50dirax_desc-ImageQC_dwi.csv	qc/sub-056/ses-1/dwi/sub-056_ses-1_desc-ImageQC_dwi.csv	8afd63189019cec32a74ec095f14e6ad89660e73201d4d60a161da341ffec338
sub-057	ses-1	node strength	78	/mnt/nfs/home/URMC-SH/pndagiji/Documents/TrackTBI-Sub/dwi_pipeline/results/node_strength/strength/per_subject/sub-057_strength.csv	node_metrics/sub-057/ses-1/sub-057_ses-1_atlas-DKT78_measure-strength_nodes.csv	1d90f4bd5731e0677f484e2119e813fba4e72858edf328b8300d20f4e0fe5cc0
sub-057	ses-1	node strengthAI	39	/mnt/nfs/home/URMC-SH/pndagiji/Documents/TrackTBI-Sub/dwi_pipeline/results/node_strength/strength/per_subject/sub-057_ai.csv	node_metrics/sub-057/ses-1/sub-057_ses-1_atlas-DKT78_measure-strengthAI_nodes.csv	8da04867e04f873f2db93a2e86be0ddd339104f8765ebdd218f5bcf954e1ce4f
sub-057	ses-1	node volume	78	/mnt/nfs/home/URMC-SH/pndagiji/Documents/TrackTBI-Sub/dwi_pipeline/results/node_strength/volume/per_subject/sub-057_volume.csv	node_metrics/sub-057/ses-1/sub-057_ses-1_atlas-DKT78_measure-volume_nodes.csv	45b349a04c725f23caecd79d717476ab5f8e1c92976f95d65998b9e264b4e678
sub-057	ses-1	node volumeAI	39	/mnt/nfs/home/URMC-SH/pndagiji/Documents/TrackTBI-Sub/dwi_pipeline/results/node_strength/volume/per_subject/sub-057_volume_ai.csv	node_metrics/sub-057/ses-1/sub-057_ses-1_atlas-DKT78_measure-volumeAI_nodes.csv	400dc9ab904a36c5ab42de70925f7f6b3f5b5e900b91486dbb969e9b59c015ed
sub-057	ses-1	DWI ImageQC	1	/mnt/nfs/home/URMC-SH/pndagiji/Documents/TrackTBI-Sub/dwi_pipeline/results/qsiprep_single_run_output/sub-057/ses-1/dwi/sub-057_ses-1_acq-50dirax_desc-ImageQC_dwi.csv	qc/sub-057/ses-1/dwi/sub-057_ses-1_desc-ImageQC_dwi.csv	539d68af975a8762298dd8293aa0219f023d5f2412b405a7e37b8114b1e34d03
sub-058	ses-1	node strength	78	/mnt/nfs/home/URMC-SH/pndagiji/Documents/TrackTBI-Sub/dwi_pipeline/results/node_strength/strength/per_subject/sub-058_strength.csv	node_metrics/sub-058/ses-1/sub-058_ses-1_atlas-DKT78_measure-strength_nodes.csv	ece4adcfe265879821044d821d7ddc5835a0dea50fd7ce3b7000fe088a2095cd
sub-058	ses-1	node strengthAI	39	/mnt/nfs/home/URMC-SH/pndagiji/Documents/TrackTBI-Sub/dwi_pipeline/results/node_strength/strength/per_subject/sub-058_ai.csv	node_metrics/sub-058/ses-1/sub-058_ses-1_atlas-DKT78_measure-strengthAI_nodes.csv	856974dda35dc1265ba2663f72babde7b2f4a8be7c373397ed06223265c60cdf
sub-058	ses-1	node volume	78	/mnt/nfs/home/URMC-SH/pndagiji/Documents/TrackTBI-Sub/dwi_pipeline/results/node_strength/volume/per_subject/sub-058_volume.csv	node_metrics/sub-058/ses-1/sub-058_ses-1_atlas-DKT78_measure-volume_nodes.csv	8854d843ec13edd12e7192a455008caacfa1183802eec7b132a1a69954a5566f
sub-058	ses-1	node volumeAI	39	/mnt/nfs/home/URMC-SH/pndagiji/Documents/TrackTBI-Sub/dwi_pipeline/results/node_strength/volume/per_subject/sub-058_volume_ai.csv	node_metrics/sub-058/ses-1/sub-058_ses-1_atlas-DKT78_measure-volumeAI_nodes.csv	ea77afedecac8c63856ab2fb69d0c9ae8ae19873c64a391871c0a471b3de6be3
sub-058	ses-1	DWI ImageQC	1	/mnt/nfs/home/URMC-SH/pndagiji/Documents/TrackTBI-Sub/dwi_pipeline/results/qsiprep_single_run_output/sub-058/ses-1/dwi/sub-058_ses-1_acq-64dirax_dir-ap_desc-ImageQC_dwi.csv	qc/sub-058/ses-1/dwi/sub-058_ses-1_desc-ImageQC_dwi.csv	c0fb1bb0557e8c3437c594168ab18f14b6c40b2392269a602c1b7dd7cd73adb9
sub-059	ses-1	node strength	78	/mnt/nfs/home/URMC-SH/pndagiji/Documents/TrackTBI-Sub/dwi_pipeline/results/node_strength/strength/per_subject/sub-059_strength.csv	node_metrics/sub-059/ses-1/sub-059_ses-1_atlas-DKT78_measure-strength_nodes.csv	aba7b2b62823f03268e22fa9c57471b8c885284c9d56fb90ca5365a84bab5e6c
sub-059	ses-1	node strengthAI	39	/mnt/nfs/home/URMC-SH/pndagiji/Documents/TrackTBI-Sub/dwi_pipeline/results/node_strength/strength/per_subject/sub-059_ai.csv	node_metrics/sub-059/ses-1/sub-059_ses-1_atlas-DKT78_measure-strengthAI_nodes.csv	197a2b34f900a4b2b4177a5049855693bcc5e76d711633177a2dbfc7c4178c97
sub-059	ses-1	node volume	78	/mnt/nfs/home/URMC-SH/pndagiji/Documents/TrackTBI-Sub/dwi_pipeline/results/node_strength/volume/per_subject/sub-059_volume.csv	node_metrics/sub-059/ses-1/sub-059_ses-1_atlas-DKT78_measure-volume_nodes.csv	47dbc0555ed3b8bae06a44b33e97ff35b38059df79c34dd4670eb6b53b92c8c9
sub-059	ses-1	node volumeAI	39	/mnt/nfs/home/URMC-SH/pndagiji/Documents/TrackTBI-Sub/dwi_pipeline/results/node_strength/volume/per_subject/sub-059_volume_ai.csv	node_metrics/sub-059/ses-1/sub-059_ses-1_atlas-DKT78_measure-volumeAI_nodes.csv	9c47b9702942dd1363a10957ad468ed75cc5e7c0bf219a63dfaa22ca29e49353
sub-059	ses-1	DWI ImageQC	1	/mnt/nfs/home/URMC-SH/pndagiji/Documents/TrackTBI-Sub/dwi_pipeline/results/qsiprep_single_run_output/sub-059/ses-1/dwi/sub-059_ses-1_acq-50dirax_desc-ImageQC_dwi.csv	qc/sub-059/ses-1/dwi/sub-059_ses-1_desc-ImageQC_dwi.csv	e3cb67757b117cbae267bbd35b5d45b5b469523be1b039b81009e0379c711b4c
sub-060	ses-1	node strength	78	/mnt/nfs/home/URMC-SH/pndagiji/Documents/TrackTBI-Sub/dwi_pipeline/results/node_strength/strength/per_subject/sub-060_strength.csv	node_metrics/sub-060/ses-1/sub-060_ses-1_atlas-DKT78_measure-strength_nodes.csv	344aad42d03b9a1942b25445ad4c4dc788e8ac9755a6429f558174e429e55e8e
sub-060	ses-1	node strengthAI	39	/mnt/nfs/home/URMC-SH/pndagiji/Documents/TrackTBI-Sub/dwi_pipeline/results/node_strength/strength/per_subject/sub-060_ai.csv	node_metrics/sub-060/ses-1/sub-060_ses-1_atlas-DKT78_measure-strengthAI_nodes.csv	b1c3cdcea5acdc16522261bd349cbec2cd0d2b750ff3246e53233d21eee4ad11
sub-060	ses-1	node volume	78	/mnt/nfs/home/URMC-SH/pndagiji/Documents/TrackTBI-Sub/dwi_pipeline/results/node_strength/volume/per_subject/sub-060_volume.csv	node_metrics/sub-060/ses-1/sub-060_ses-1_atlas-DKT78_measure-volume_nodes.csv	8a111f6be76e295ef47811e513ea256dc78f4a0ba660f9b7ed179dace6d77c56
sub-060	ses-1	node volumeAI	39	/mnt/nfs/home/URMC-SH/pndagiji/Documents/TrackTBI-Sub/dwi_pipeline/results/node_strength/volume/per_subject/sub-060_volume_ai.csv	node_metrics/sub-060/ses-1/sub-060_ses-1_atlas-DKT78_measure-volumeAI_nodes.csv	a45acd0ddb0e14d087720d1180aadae199767fa55a3eed806c5daba5b7d2619b
sub-060	ses-1	DWI ImageQC	1	/mnt/nfs/home/URMC-SH/pndagiji/Documents/TrackTBI-Sub/dwi_pipeline/results/qsiprep_single_run_output/sub-060/ses-1/dwi/sub-060_ses-1_acq-50dirax_desc-ImageQC_dwi.csv	qc/sub-060/ses-1/dwi/sub-060_ses-1_desc-ImageQC_dwi.csv	c69fc8c3be1f373f84632954aff6de1d9dac1b0fbe32506be76697dd0f77b564
sub-061	ses-1	node strength	78	/mnt/nfs/home/URMC-SH/pndagiji/Documents/TrackTBI-Sub/dwi_pipeline/results/node_strength/strength/per_subject/sub-061_strength.csv	node_metrics/sub-061/ses-1/sub-061_ses-1_atlas-DKT78_measure-strength_nodes.csv	cab3248a4616d2a2f303af0c204de479c5f48f5d166513d7c59265ad6fbb7c8c
sub-061	ses-1	node strengthAI	39	/mnt/nfs/home/URMC-SH/pndagiji/Documents/TrackTBI-Sub/dwi_pipeline/results/node_strength/strength/per_subject/sub-061_ai.csv	node_metrics/sub-061/ses-1/sub-061_ses-1_atlas-DKT78_measure-strengthAI_nodes.csv	ce54be495d1eb42a31717b502b62f45d2eea4288a4df201f87df1f5ed0464f40
sub-061	ses-1	node volume	78	/mnt/nfs/home/URMC-SH/pndagiji/Documents/TrackTBI-Sub/dwi_pipeline/results/node_strength/volume/per_subject/sub-061_volume.csv	node_metrics/sub-061/ses-1/sub-061_ses-1_atlas-DKT78_measure-volume_nodes.csv	492b39ab63cbf7878d01da66ea2cb15c26227c37df2e2601f43804252bbf9539
sub-061	ses-1	node volumeAI	39	/mnt/nfs/home/URMC-SH/pndagiji/Documents/TrackTBI-Sub/dwi_pipeline/results/node_strength/volume/per_subject/sub-061_volume_ai.csv	node_metrics/sub-061/ses-1/sub-061_ses-1_atlas-DKT78_measure-volumeAI_nodes.csv	09ebee6df22d52e7dd7b696582a8f8ae86fad6bf5ceeea9238b3163c755c2cf5
sub-061	ses-1	DWI ImageQC	1	/mnt/nfs/home/URMC-SH/pndagiji/Documents/TrackTBI-Sub/dwi_pipeline/results/qsiprep_single_run_output/sub-061/ses-1/dwi/sub-061_ses-1_acq-64dirax_dir-ap_desc-ImageQC_dwi.csv	qc/sub-061/ses-1/dwi/sub-061_ses-1_desc-ImageQC_dwi.csv	12d56085c1c06ff7a5690266801d878bcc5c1722beb2801f463da6ae9dbfb3f2
sub-062	ses-1	node strength	78	/mnt/nfs/home/URMC-SH/pndagiji/Documents/TrackTBI-Sub/dwi_pipeline/results/node_strength/strength/per_subject/sub-062_strength.csv	node_metrics/sub-062/ses-1/sub-062_ses-1_atlas-DKT78_measure-strength_nodes.csv	5ab6d157f564d585352a41957a42f5d8b547aee89900f5da9d002933ce5bc3af
sub-062	ses-1	node strengthAI	39	/mnt/nfs/home/URMC-SH/pndagiji/Documents/TrackTBI-Sub/dwi_pipeline/results/node_strength/strength/per_subject/sub-062_ai.csv	node_metrics/sub-062/ses-1/sub-062_ses-1_atlas-DKT78_measure-strengthAI_nodes.csv	af415cffbff057474d6eb8762f1151987d2402e6df05b4ea9443c118c2f79fcc
sub-062	ses-1	node volume	78	/mnt/nfs/home/URMC-SH/pndagiji/Documents/TrackTBI-Sub/dwi_pipeline/results/node_strength/volume/per_subject/sub-062_volume.csv	node_metrics/sub-062/ses-1/sub-062_ses-1_atlas-DKT78_measure-volume_nodes.csv	04225d25efa2fb0ecae8ff671c7b790c1c27c180ff13b6e8d1be7836c378caac
sub-062	ses-1	node volumeAI	39	/mnt/nfs/home/URMC-SH/pndagiji/Documents/TrackTBI-Sub/dwi_pipeline/results/node_strength/volume/per_subject/sub-062_volume_ai.csv	node_metrics/sub-062/ses-1/sub-062_ses-1_atlas-DKT78_measure-volumeAI_nodes.csv	0a35e7d21372bd5a149bf94314c1465f5070d146657317670a8827e73bed9246
sub-062	ses-1	DWI ImageQC	1	/mnt/nfs/home/URMC-SH/pndagiji/Documents/TrackTBI-Sub/dwi_pipeline/results/qsiprep_single_run_output/sub-062/ses-1/dwi/sub-062_ses-1_acq-64dirax_dir-ap_desc-ImageQC_dwi.csv	qc/sub-062/ses-1/dwi/sub-062_ses-1_desc-ImageQC_dwi.csv	a7ff368bfbbc3d446f9a9a543a7580578847df1261c3d38239c198d9a3024495
sub-063	ses-1	node strength	78	/mnt/nfs/home/URMC-SH/pndagiji/Documents/TrackTBI-Sub/dwi_pipeline/results/node_strength/strength/per_subject/sub-063_strength.csv	node_metrics/sub-063/ses-1/sub-063_ses-1_atlas-DKT78_measure-strength_nodes.csv	1c2ed4f11e7cbd465f5c30e2d7ffbf0ec5272a33787cbda1d24b6b1fbd28b175
sub-063	ses-1	node strengthAI	39	/mnt/nfs/home/URMC-SH/pndagiji/Documents/TrackTBI-Sub/dwi_pipeline/results/node_strength/strength/per_subject/sub-063_ai.csv	node_metrics/sub-063/ses-1/sub-063_ses-1_atlas-DKT78_measure-strengthAI_nodes.csv	1f1e95d6476eaa89905c0c59d12f5010c7870988692bfafedc14af20276f3191
sub-063	ses-1	node volume	78	/mnt/nfs/home/URMC-SH/pndagiji/Documents/TrackTBI-Sub/dwi_pipeline/results/node_strength/volume/per_subject/sub-063_volume.csv	node_metrics/sub-063/ses-1/sub-063_ses-1_atlas-DKT78_measure-volume_nodes.csv	9e146a284ee38c76133cd9881d9083e51d1b2614da04f2e70354f6dfafe42ac9
sub-063	ses-1	node volumeAI	39	/mnt/nfs/home/URMC-SH/pndagiji/Documents/TrackTBI-Sub/dwi_pipeline/results/node_strength/volume/per_subject/sub-063_volume_ai.csv	node_metrics/sub-063/ses-1/sub-063_ses-1_atlas-DKT78_measure-volumeAI_nodes.csv	b4bd5039d3e759e7074f04b13496ef1dd92e727ae6c429089be22474c93478e1
sub-063	ses-1	DWI ImageQC	1	/mnt/nfs/home/URMC-SH/pndagiji/Documents/TrackTBI-Sub/dwi_pipeline/results/qsiprep_single_run_output/sub-063/ses-1/dwi/sub-063_ses-1_acq-50dirax_desc-ImageQC_dwi.csv	qc/sub-063/ses-1/dwi/sub-063_ses-1_desc-ImageQC_dwi.csv	cdb61b82624cd02316139f12471d83e096ebae7612131b1b854ef9c6eb329469
sub-064	ses-1	node strength	78	/mnt/nfs/home/URMC-SH/pndagiji/Documents/TrackTBI-Sub/dwi_pipeline/results/node_strength/strength/per_subject/sub-064_strength.csv	node_metrics/sub-064/ses-1/sub-064_ses-1_atlas-DKT78_measure-strength_nodes.csv	37a6d68ede899a1c8f228989b4398569275908771d9195d0d276d4ca5fec4c7d
sub-064	ses-1	node strengthAI	39	/mnt/nfs/home/URMC-SH/pndagiji/Documents/TrackTBI-Sub/dwi_pipeline/results/node_strength/strength/per_subject/sub-064_ai.csv	node_metrics/sub-064/ses-1/sub-064_ses-1_atlas-DKT78_measure-strengthAI_nodes.csv	0022c538779468ae0248f85aec7886e0189bddaaabea72fc407b20bcfa7fd25e
sub-064	ses-1	node volume	78	/mnt/nfs/home/URMC-SH/pndagiji/Documents/TrackTBI-Sub/dwi_pipeline/results/node_strength/volume/per_subject/sub-064_volume.csv	node_metrics/sub-064/ses-1/sub-064_ses-1_atlas-DKT78_measure-volume_nodes.csv	de19d6fdd60aead2850ec85e921cfb4d370a8d933766616987ea45eaf755d16e
sub-064	ses-1	node volumeAI	39	/mnt/nfs/home/URMC-SH/pndagiji/Documents/TrackTBI-Sub/dwi_pipeline/results/node_strength/volume/per_subject/sub-064_volume_ai.csv	node_metrics/sub-064/ses-1/sub-064_ses-1_atlas-DKT78_measure-volumeAI_nodes.csv	62d23cd46970faee0af5fa0b25913e6ef10866bef814c65563650362ef6e8b9e
sub-064	ses-1	DWI ImageQC	1	/mnt/nfs/home/URMC-SH/pndagiji/Documents/TrackTBI-Sub/dwi_pipeline/results/qsiprep_single_run_output/sub-064/ses-1/dwi/sub-064_ses-1_acq-50dirax_desc-ImageQC_dwi.csv	qc/sub-064/ses-1/dwi/sub-064_ses-1_desc-ImageQC_dwi.csv	df835b074992fe9b4c0844d78467674d86de1fe24f2c3401bd3a2d7ab4a08aff
sub-066	ses-1	node strength	78	/mnt/nfs/home/URMC-SH/pndagiji/Documents/TrackTBI-Sub/dwi_pipeline/results/node_strength/strength/per_subject/sub-066_strength.csv	node_metrics/sub-066/ses-1/sub-066_ses-1_atlas-DKT78_measure-strength_nodes.csv	b27b71ab47a831215375c8371f92978293057be22ea8c3f92ae01adb7b10a7ac
sub-066	ses-1	node strengthAI	39	/mnt/nfs/home/URMC-SH/pndagiji/Documents/TrackTBI-Sub/dwi_pipeline/results/node_strength/strength/per_subject/sub-066_ai.csv	node_metrics/sub-066/ses-1/sub-066_ses-1_atlas-DKT78_measure-strengthAI_nodes.csv	475d6827e84afd5b6781d69070a161f8ab2c675f7e5234fee57a9304c7d64495
sub-066	ses-1	node volume	78	/mnt/nfs/home/URMC-SH/pndagiji/Documents/TrackTBI-Sub/dwi_pipeline/results/node_strength/volume/per_subject/sub-066_volume.csv	node_metrics/sub-066/ses-1/sub-066_ses-1_atlas-DKT78_measure-volume_nodes.csv	e70f5e4275112f40928d3dd33a60dc01efeb018676fc78cef96963719af297ad
sub-066	ses-1	node volumeAI	39	/mnt/nfs/home/URMC-SH/pndagiji/Documents/TrackTBI-Sub/dwi_pipeline/results/node_strength/volume/per_subject/sub-066_volume_ai.csv	node_metrics/sub-066/ses-1/sub-066_ses-1_atlas-DKT78_measure-volumeAI_nodes.csv	8405ba9c97e2570f5b2a75b3330133fb45b158f2ec169612835288f62fe01494
sub-066	ses-1	DWI ImageQC	1	/mnt/nfs/home/URMC-SH/pndagiji/Documents/TrackTBI-Sub/dwi_pipeline/results/qsiprep_single_run_output/sub-066/ses-1/dwi/sub-066_ses-1_acq-64dirax_dir-ap_desc-ImageQC_dwi.csv	qc/sub-066/ses-1/dwi/sub-066_ses-1_desc-ImageQC_dwi.csv	6d3fd4ef2889c35720b5efb3fb2d4759aaa1a00a542fe32b9d1f377855b977b3
sub-068	ses-1	node strength	78	/mnt/nfs/home/URMC-SH/pndagiji/Documents/TrackTBI-Sub/dwi_pipeline/results/node_strength/strength/per_subject/sub-068_strength.csv	node_metrics/sub-068/ses-1/sub-068_ses-1_atlas-DKT78_measure-strength_nodes.csv	0873b838233dd3619173c207f6e9a6bccbffe52505147e45bcb9a3c12ebb8cf5
sub-068	ses-1	node strengthAI	39	/mnt/nfs/home/URMC-SH/pndagiji/Documents/TrackTBI-Sub/dwi_pipeline/results/node_strength/strength/per_subject/sub-068_ai.csv	node_metrics/sub-068/ses-1/sub-068_ses-1_atlas-DKT78_measure-strengthAI_nodes.csv	700b5fbd8dcf06feb295cc7476b4c5fb04b292c17c66c8c0ec03d1a9c6177d55
sub-068	ses-1	node volume	78	/mnt/nfs/home/URMC-SH/pndagiji/Documents/TrackTBI-Sub/dwi_pipeline/results/node_strength/volume/per_subject/sub-068_volume.csv	node_metrics/sub-068/ses-1/sub-068_ses-1_atlas-DKT78_measure-volume_nodes.csv	c1bc21f4be3dea66d9a46e4ffc2a29329074774b2bdd3291f8bf3e1ee4b85e93
sub-068	ses-1	node volumeAI	39	/mnt/nfs/home/URMC-SH/pndagiji/Documents/TrackTBI-Sub/dwi_pipeline/results/node_strength/volume/per_subject/sub-068_volume_ai.csv	node_metrics/sub-068/ses-1/sub-068_ses-1_atlas-DKT78_measure-volumeAI_nodes.csv	c615f6d127f0c1c74bc3cd30c7b672b5f565f12a6e96a4b62741229e10734f42
sub-068	ses-1	DWI ImageQC	1	/mnt/nfs/home/URMC-SH/pndagiji/Documents/TrackTBI-Sub/dwi_pipeline/results/qsiprep_single_run_output/sub-068/ses-1/dwi/sub-068_ses-1_acq-64dirax_dir-ap_desc-ImageQC_dwi.csv	qc/sub-068/ses-1/dwi/sub-068_ses-1_desc-ImageQC_dwi.csv	19973f8d51c6bcf97a6c128906df8cdb8c9eab0102cd1f99c1d82948bebc1422
sub-070	ses-1	node strength	78	/mnt/nfs/home/URMC-SH/pndagiji/Documents/TrackTBI-Sub/dwi_pipeline/results/node_strength/strength/per_subject/sub-070_strength.csv	node_metrics/sub-070/ses-1/sub-070_ses-1_atlas-DKT78_measure-strength_nodes.csv	cb618e7409fe7cc3c5ad30b6074820809e9dcc6dc2ff687843c0fdacdc1365dd
sub-070	ses-1	node strengthAI	39	/mnt/nfs/home/URMC-SH/pndagiji/Documents/TrackTBI-Sub/dwi_pipeline/results/node_strength/strength/per_subject/sub-070_ai.csv	node_metrics/sub-070/ses-1/sub-070_ses-1_atlas-DKT78_measure-strengthAI_nodes.csv	6bc42a4dbb7cd1c146f2167030b2edabda1dfb8bedfbccf201fb7575a3e11933
sub-070	ses-1	node volume	78	/mnt/nfs/home/URMC-SH/pndagiji/Documents/TrackTBI-Sub/dwi_pipeline/results/node_strength/volume/per_subject/sub-070_volume.csv	node_metrics/sub-070/ses-1/sub-070_ses-1_atlas-DKT78_measure-volume_nodes.csv	aa8e0913cfeb208a1f6292cdd1596a0d08cc4621bad4671b1cbd17197416e27a
sub-070	ses-1	node volumeAI	39	/mnt/nfs/home/URMC-SH/pndagiji/Documents/TrackTBI-Sub/dwi_pipeline/results/node_strength/volume/per_subject/sub-070_volume_ai.csv	node_metrics/sub-070/ses-1/sub-070_ses-1_atlas-DKT78_measure-volumeAI_nodes.csv	cd6b180a55e8a5b0fbf0902e4e2d5a5e126e46d1c1bab0a4187adeac71b9ccd8
sub-070	ses-1	DWI ImageQC	1	/mnt/nfs/home/URMC-SH/pndagiji/Documents/TrackTBI-Sub/dwi_pipeline/results/qsiprep_single_run_output/sub-070/ses-1/dwi/sub-070_ses-1_acq-50dirax_desc-ImageQC_dwi.csv	qc/sub-070/ses-1/dwi/sub-070_ses-1_desc-ImageQC_dwi.csv	ebea861ecbc19ee64e1746e2e5094f20b430c068c39e317542f7bef43e3afd0c
sub-071	ses-1	node strength	78	/mnt/nfs/home/URMC-SH/pndagiji/Documents/TrackTBI-Sub/dwi_pipeline/results/node_strength/strength/per_subject/sub-071_strength.csv	node_metrics/sub-071/ses-1/sub-071_ses-1_atlas-DKT78_measure-strength_nodes.csv	1f3f90da05302ed04c540500d499b122b66d2b08f20800bb1fd99d3f631646d5
sub-071	ses-1	node strengthAI	39	/mnt/nfs/home/URMC-SH/pndagiji/Documents/TrackTBI-Sub/dwi_pipeline/results/node_strength/strength/per_subject/sub-071_ai.csv	node_metrics/sub-071/ses-1/sub-071_ses-1_atlas-DKT78_measure-strengthAI_nodes.csv	9b8e227819aecea04a936146b55e405e46da23cd40b7b8f58c73bb66971989bf
sub-071	ses-1	node volume	78	/mnt/nfs/home/URMC-SH/pndagiji/Documents/TrackTBI-Sub/dwi_pipeline/results/node_strength/volume/per_subject/sub-071_volume.csv	node_metrics/sub-071/ses-1/sub-071_ses-1_atlas-DKT78_measure-volume_nodes.csv	abfb8e8fe4c5f770848c2932f5bea3a164acb1bb2d91faad4edc4bf8f481b287
sub-071	ses-1	node volumeAI	39	/mnt/nfs/home/URMC-SH/pndagiji/Documents/TrackTBI-Sub/dwi_pipeline/results/node_strength/volume/per_subject/sub-071_volume_ai.csv	node_metrics/sub-071/ses-1/sub-071_ses-1_atlas-DKT78_measure-volumeAI_nodes.csv	78a392d89f8c8d9573e9345299ef3168a9c893f50571a9f31194934821395305
sub-071	ses-1	DWI ImageQC	1	/mnt/nfs/home/URMC-SH/pndagiji/Documents/TrackTBI-Sub/dwi_pipeline/results/qsiprep_single_run_output/sub-071/ses-1/dwi/sub-071_ses-1_acq-50dirax_desc-ImageQC_dwi.csv	qc/sub-071/ses-1/dwi/sub-071_ses-1_desc-ImageQC_dwi.csv	f7d8ad36f952ada8b1f845bdf8052a1c9c1e0d8b84f4d7748f6a979cc6f99541
sub-073	ses-1	node strength	78	/mnt/nfs/home/URMC-SH/pndagiji/Documents/TrackTBI-Sub/dwi_pipeline/results/node_strength/strength/per_subject/sub-073_strength.csv	node_metrics/sub-073/ses-1/sub-073_ses-1_atlas-DKT78_measure-strength_nodes.csv	d8719efeeff29e377372fdd3dc7596ecdf7bf4bdd41fad2a4564593c1da3a189
sub-073	ses-1	node strengthAI	39	/mnt/nfs/home/URMC-SH/pndagiji/Documents/TrackTBI-Sub/dwi_pipeline/results/node_strength/strength/per_subject/sub-073_ai.csv	node_metrics/sub-073/ses-1/sub-073_ses-1_atlas-DKT78_measure-strengthAI_nodes.csv	b1f730e42f762103e7c5caf2bcb8f8724ebcec293a1492cef882ac29e4fcc151
sub-073	ses-1	node volume	78	/mnt/nfs/home/URMC-SH/pndagiji/Documents/TrackTBI-Sub/dwi_pipeline/results/node_strength/volume/per_subject/sub-073_volume.csv	node_metrics/sub-073/ses-1/sub-073_ses-1_atlas-DKT78_measure-volume_nodes.csv	7c8998300d117b2220a93ef0b3a01fd8e0e2989ff5a2d903aed25116c232140a
sub-073	ses-1	node volumeAI	39	/mnt/nfs/home/URMC-SH/pndagiji/Documents/TrackTBI-Sub/dwi_pipeline/results/node_strength/volume/per_subject/sub-073_volume_ai.csv	node_metrics/sub-073/ses-1/sub-073_ses-1_atlas-DKT78_measure-volumeAI_nodes.csv	0617b1e387670af28532ccb2342ed08a36961cfa1e3362e341de62cbc7e27a18
sub-073	ses-1	DWI ImageQC	1	/mnt/nfs/home/URMC-SH/pndagiji/Documents/TrackTBI-Sub/dwi_pipeline/results/qsiprep_single_run_output/sub-073/ses-1/dwi/sub-073_ses-1_acq-50dirax_desc-ImageQC_dwi.csv	qc/sub-073/ses-1/dwi/sub-073_ses-1_desc-ImageQC_dwi.csv	4cf8cd1e95e1619ef2b636a6b6d7439f1d7c1d8768526d2fc74961f1e776c42b
sub-074	ses-1	node strength	78	/mnt/nfs/home/URMC-SH/pndagiji/Documents/TrackTBI-Sub/dwi_pipeline/results/node_strength/strength/per_subject/sub-074_strength.csv	node_metrics/sub-074/ses-1/sub-074_ses-1_atlas-DKT78_measure-strength_nodes.csv	5216178ca454a1a92cd34210a7ca6e6f0d7b5441dba9775b3806222fb0e1d39e
sub-074	ses-1	node strengthAI	39	/mnt/nfs/home/URMC-SH/pndagiji/Documents/TrackTBI-Sub/dwi_pipeline/results/node_strength/strength/per_subject/sub-074_ai.csv	node_metrics/sub-074/ses-1/sub-074_ses-1_atlas-DKT78_measure-strengthAI_nodes.csv	b0d31f8be5387421af5ce99c4cf169c4435107036f2cdbb7504749ab224bb298
sub-074	ses-1	node volume	78	/mnt/nfs/home/URMC-SH/pndagiji/Documents/TrackTBI-Sub/dwi_pipeline/results/node_strength/volume/per_subject/sub-074_volume.csv	node_metrics/sub-074/ses-1/sub-074_ses-1_atlas-DKT78_measure-volume_nodes.csv	a98208cb7eed31d66fe5f8c2f9b40ab23cfd0df7b4ba0c57b464c11f82a62ddc
sub-074	ses-1	node volumeAI	39	/mnt/nfs/home/URMC-SH/pndagiji/Documents/TrackTBI-Sub/dwi_pipeline/results/node_strength/volume/per_subject/sub-074_volume_ai.csv	node_metrics/sub-074/ses-1/sub-074_ses-1_atlas-DKT78_measure-volumeAI_nodes.csv	c673bd9d2be04197519cc28e155b6ec140e8d6751faa1d70341838d6178a9097
sub-074	ses-1	DWI ImageQC	1	/mnt/nfs/home/URMC-SH/pndagiji/Documents/TrackTBI-Sub/dwi_pipeline/results/qsiprep_single_run_output/sub-074/ses-1/dwi/sub-074_ses-1_acq-64dirax_dir-ap_desc-ImageQC_dwi.csv	qc/sub-074/ses-1/dwi/sub-074_ses-1_desc-ImageQC_dwi.csv	18854e0324300ee62f6666b51ffa390a100bd286aecb4ae7596d64278d70ed9b
sub-075	ses-1	node strength	78	/mnt/nfs/home/URMC-SH/pndagiji/Documents/TrackTBI-Sub/dwi_pipeline/results/node_strength/strength/per_subject/sub-075_strength.csv	node_metrics/sub-075/ses-1/sub-075_ses-1_atlas-DKT78_measure-strength_nodes.csv	1944f076b21484ed67bf8602bd3b5629a2d0726bfe46b878b348908e834ddea0
sub-075	ses-1	node strengthAI	39	/mnt/nfs/home/URMC-SH/pndagiji/Documents/TrackTBI-Sub/dwi_pipeline/results/node_strength/strength/per_subject/sub-075_ai.csv	node_metrics/sub-075/ses-1/sub-075_ses-1_atlas-DKT78_measure-strengthAI_nodes.csv	4d22016829deda65b41609bb949c85b59a29f49e8e379bddd12cc0d076cc0621
sub-075	ses-1	node volume	78	/mnt/nfs/home/URMC-SH/pndagiji/Documents/TrackTBI-Sub/dwi_pipeline/results/node_strength/volume/per_subject/sub-075_volume.csv	node_metrics/sub-075/ses-1/sub-075_ses-1_atlas-DKT78_measure-volume_nodes.csv	8f1ec6236edf7484c8c0ddbd7b4c4fc225ac1b8fd48c57a4951b0cdcb1b7a114
sub-075	ses-1	node volumeAI	39	/mnt/nfs/home/URMC-SH/pndagiji/Documents/TrackTBI-Sub/dwi_pipeline/results/node_strength/volume/per_subject/sub-075_volume_ai.csv	node_metrics/sub-075/ses-1/sub-075_ses-1_atlas-DKT78_measure-volumeAI_nodes.csv	e047a10ca0763564d6a73715fb3f80963158c3e2fab7f619bcf3c1157dd3e988
sub-075	ses-1	DWI ImageQC	1	/mnt/nfs/home/URMC-SH/pndagiji/Documents/TrackTBI-Sub/dwi_pipeline/results/qsiprep_single_run_output/sub-075/ses-1/dwi/sub-075_ses-1_acq-64dirax_dir-ap_desc-ImageQC_dwi.csv	qc/sub-075/ses-1/dwi/sub-075_ses-1_desc-ImageQC_dwi.csv	b0e1a1c9f090fb4ca5e0335af86fd27c6f6dc8447aac61fce716d116baeb2e56
sub-077	ses-1	node strength	78	/mnt/nfs/home/URMC-SH/pndagiji/Documents/TrackTBI-Sub/dwi_pipeline/results/node_strength/strength/per_subject/sub-077_strength.csv	node_metrics/sub-077/ses-1/sub-077_ses-1_atlas-DKT78_measure-strength_nodes.csv	c1f459b04a0a270e36bc544226dc6051cc3d1924ece3915148d9134cfa29a2c5
sub-077	ses-1	node strengthAI	39	/mnt/nfs/home/URMC-SH/pndagiji/Documents/TrackTBI-Sub/dwi_pipeline/results/node_strength/strength/per_subject/sub-077_ai.csv	node_metrics/sub-077/ses-1/sub-077_ses-1_atlas-DKT78_measure-strengthAI_nodes.csv	dbff8d79997842b566e00a13d61b4be9421fd418f52f2d1c55de8b16c630ee8f
sub-077	ses-1	node volume	78	/mnt/nfs/home/URMC-SH/pndagiji/Documents/TrackTBI-Sub/dwi_pipeline/results/node_strength/volume/per_subject/sub-077_volume.csv	node_metrics/sub-077/ses-1/sub-077_ses-1_atlas-DKT78_measure-volume_nodes.csv	b300b837f048961a6dcb45e73aa5a85d8c510506d4527a1a9facb48057cdf43e
sub-077	ses-1	node volumeAI	39	/mnt/nfs/home/URMC-SH/pndagiji/Documents/TrackTBI-Sub/dwi_pipeline/results/node_strength/volume/per_subject/sub-077_volume_ai.csv	node_metrics/sub-077/ses-1/sub-077_ses-1_atlas-DKT78_measure-volumeAI_nodes.csv	ee0868cbc6d8f62afee4112b792a278f9e4fbc80ac480413485e0267b902eadd
sub-077	ses-1	DWI ImageQC	1	/mnt/nfs/home/URMC-SH/pndagiji/Documents/TrackTBI-Sub/dwi_pipeline/results/qsiprep_single_run_output/sub-077/ses-1/dwi/sub-077_ses-1_acq-64dirax_dir-ap_desc-ImageQC_dwi.csv	qc/sub-077/ses-1/dwi/sub-077_ses-1_desc-ImageQC_dwi.csv	45b2dfae2d411d5b6ac6f2a6b4dd11d9ab90d16072e9129c1cc5316320d1bb2d
sub-078	ses-1	node strength	78	/mnt/nfs/home/URMC-SH/pndagiji/Documents/TrackTBI-Sub/dwi_pipeline/results/node_strength/strength/per_subject/sub-078_strength.csv	node_metrics/sub-078/ses-1/sub-078_ses-1_atlas-DKT78_measure-strength_nodes.csv	585a97e6ff5375cec3b97dd12366211aa2e92675f8c8a3f80e44d9bbdea14c08
sub-078	ses-1	node strengthAI	39	/mnt/nfs/home/URMC-SH/pndagiji/Documents/TrackTBI-Sub/dwi_pipeline/results/node_strength/strength/per_subject/sub-078_ai.csv	node_metrics/sub-078/ses-1/sub-078_ses-1_atlas-DKT78_measure-strengthAI_nodes.csv	111b670aff1e1a2011ff55159c45e828938824ea1bd8351a23036678b6248698
sub-078	ses-1	node volume	78	/mnt/nfs/home/URMC-SH/pndagiji/Documents/TrackTBI-Sub/dwi_pipeline/results/node_strength/volume/per_subject/sub-078_volume.csv	node_metrics/sub-078/ses-1/sub-078_ses-1_atlas-DKT78_measure-volume_nodes.csv	c3685c190151a5b7114e1dd431e2fbe64c276c93821d6d8d6463f2fa0f569ab4
sub-078	ses-1	node volumeAI	39	/mnt/nfs/home/URMC-SH/pndagiji/Documents/TrackTBI-Sub/dwi_pipeline/results/node_strength/volume/per_subject/sub-078_volume_ai.csv	node_metrics/sub-078/ses-1/sub-078_ses-1_atlas-DKT78_measure-volumeAI_nodes.csv	e042e33f39d8e3118da45cbf8572d31b1d8753bde90bc935ce487d6d61cdfa15
sub-078	ses-1	DWI ImageQC	1	/mnt/nfs/home/URMC-SH/pndagiji/Documents/TrackTBI-Sub/dwi_pipeline/results/qsiprep_single_run_output/sub-078/ses-1/dwi/sub-078_ses-1_acq-64dirax_dir-ap_desc-ImageQC_dwi.csv	qc/sub-078/ses-1/dwi/sub-078_ses-1_desc-ImageQC_dwi.csv	67ace14b4137b629577eb5c6ff6dfb30480098c543b9ffbffb467fe3550926e1
